family,r,epsilon,minimum_eigenvalue_h,condition_h,eigenmatrix_residual,trace_preservation_residual,similarity_residual,matched_spectrum_error,m_perturbed,s_perturbed,slack_perturbed,slack_limit
zero,0.29999999999999993,0.1,0.33333333333333337,1.0000000000000002,2.403703357979454e-16,0.0,4.163336342344337e-17,2.6550574154582402e-17,-1.1829322920231018e-33,0.29999999999999993,1.4999999999999996,0.0
zero,0.029999999999999995,0.01,0.3333333333333332,1.0000000000000009,4.12946784900048e-16,3.845925372767128e-16,4.6027415078689346e-17,8.492420327651234e-17,-2.2461012293208223e-18,0.029999999999999995,0.14999999999999997,0.0
zero,0.0029999999999999996,0.001,0.3333333333333333,1.0000000000000002,1.770494733737654e-16,2.220446049250313e-16,3.3993498887762956e-17,4.29064303422747e-17,-2.289060635194342e-19,0.0029999999999999996,0.015,0.0
zero,0.0003000000000000001,0.0001,0.33333333333333326,1.0000000000000004,1.1065592085860337e-16,2.563950248511419e-16,4.163336342344337e-17,1.929736257425671e-16,0.0,0.0003000000000000001,0.0015000000000000005,0.0
zero,3.0000000000000008e-05,1e-05,0.3333333333333332,1.0000000000000007,3.6596005961088674e-16,3.845925372767128e-16,4.163336342344337e-17,5.551115123125783e-16,-9.780694002195045e-22,3.0000000000000008e-05,0.00015000000000000004,0.0
zero,2.9999999999999997e-06,1e-06,0.33333333333333326,1.0000000000000004,1.2225867502743812e-16,3.14018491736755e-16,6.206335383118183e-17,3.925231146709429e-17,-2.235410776556975e-22,2.9999999999999997e-06,1.4999999999999997e-05,0.0
zero,2.9999999999999993e-07,1e-07,0.33333333333333337,1.0000000000000002,2.292350156764464e-16,0.0,8.326672684688674e-17,2.984061404721188e-17,0.0,2.9999999999999993e-07,1.4999999999999996e-06,0.0
zero,3.0000000000000004e-08,1e-08,0.3333333333333333,1.0000000000000002,9.551458986518599e-17,3.14018491736755e-16,6.206335383118183e-17,5.073599490042434e-17,-3.9563438526663788e-25,3.0000000000000004e-08,1.5000000000000002e-07,0.0
nilpotent_shift,0.7469707312609731,0.1,0.13387405398226046,4.130966772787121,1.9965966474343668e-16,7.638248345135858e-16,9.94104020067166e-17,3.1106063782808442e-15,-0.2234853656304865,0.7469707312609751,3.5113682906743913,0.0
nilpotent_shift,0.25789891359034095,0.01,0.03877488222336788,19.912403136697296,7.414561826888663e-17,5.32444257940492e-16,1.3904342296322384e-16,7.791361360319882e-16,-0.11394945679517052,0.25789891359034045,1.1755451111565312,0.0
nilpotent_shift,0.10772967357897759,0.001,0.009282493548696142,96.44718003028139,1.5677953381706273e-17,6.903647322763729e-16,1.1192690200983801e-16,5.978733960281817e-16,-0.052364836789488806,0.10772967357897759,0.4862835311053991,0.0
nilpotent_shift,0.047954947992869396,0.0001,0.002085290552600943,456.696574402684,2.1874871033687887e-17,1.0532500405730103e-15,6.952446431063297e-18,1.0249693870274243e-15,-0.02382747399643469,0.04795494799286935,0.21594726596791203,0.0
nilpotent_shift,0.0218639113909125,1e-05,0.0004573747039679463,2138.653668694453,1.7784252173626042e-18,7.824250326107219e-16,2.2548737530878483e-16,7.100138932672585e-16,-0.010916955695456252,0.0218639113909125,0.09840260125910624,0.0
nilpotent_shift,0.010067672407819571,1e-06,9.93278246939481e-05,9966.344583125616,1.7527519799771625e-18,6.903647322763729e-16,1.9702699217150652e-17,4.742874840267547e-16,-0.005032336203909787,0.010067672407819568,0.045306025835188043,0.0
nilpotent_shift,0.004656051996481491,1e-07,2.1477423378340363e-05,46343.74573103156,8.715157274954868e-19,1.064888515880984e-15,1.962615631847005e-17,5.402732127655931e-16,-0.002327875998240748,0.004656051996481494,0.02095238398416672,0.0
nilpotent_shift,0.002157539094851527,1e-08,4.63491021963991e-06,215288.41846318907,1.3038543733301269e-18,1.3687748718835772e-15,1.1145598333794706e-16,1.3877787807814457e-15,-0.0010787545474257644,0.0021575390948515294,0.009708940926831883,0.0
