t,slack_exp_over_t,slack_generator,absolute_error
0.1,0.5057619734008822,0.5100246195472379,0.004262646146355631
0.03,0.5087304881825332,0.5100246195472379,0.001294131364704687
0.01,0.5095917724082355,0.5100246195472379,0.00043284713900237914
0.003,0.5098946107584545,0.5100246195472379,0.00013000878878333122
0.001,0.5099812685456229,0.5100246195472379,4.335100161501071e-05
0.0003,0.5100116127006634,0.5100246195472379,1.3006846574459274e-05
0.0001,0.510020283792656,0.5100246195472379,4.335754581918927e-06
3e-05,0.5100233187634492,0.5100246195472379,1.3007837886824802e-06
1e-05,0.5100241859068433,0.5100246195472379,4.3364039459259374e-07
