family,d,sample,r,epsilon,minimum_eigenvalue_h,condition_h,eigenmatrix_residual,trace_preservation_residual,similarity_residual,matched_spectrum_error
random_cp,2,0,0.8280838691528642,1e-05,0.2714102420771939,2.6844593348676287,1.1396086969098617e-15,1.586481885522378e-15,2.800011272249008e-16,9.036560719766055e-16
random_cp,2,1,0.48430690991565106,1e-05,0.0894205872105408,10.183107058394727,3.3248823533625105e-16,1.8361797854839376e-15,1.1767846061077174e-15,3.4417067090236646e-15
random_cp,2,2,0.5551014240742089,1e-05,0.35126308225916075,1.8468690577115743,5.619514332025383e-16,4.4392506598861794e-16,3.5957991703135793e-16,8.989550626504553e-16
random_cp,3,0,1.144512067683115,1e-05,0.05272685596561568,12.545284901832062,5.123125180117099e-16,4.085690343593774e-15,1.1349159457296151e-15,1.3429224847042392e-15
random_cp,3,1,0.9414609872837186,1e-05,0.11601397362749588,4.813290597872044,9.739706006683058e-16,1.4390466568823294e-15,5.195704999162383e-16,2.625114250014474e-15
random_cp,3,2,1.2058205321706423,1e-05,0.15426950992612598,2.946411321318806,3.165827447296447e-16,7.479493583459759e-16,5.275600417990619e-16,1.2225062931717347e-15
random_cp,4,0,1.0227101588305296,1e-05,0.10884792065161158,4.025552274096167,7.538435176613345e-16,2.7399833083204585e-15,1.2010903180318554e-15,7.662066094605133e-15
random_cp,4,1,0.9692936373067058,1e-05,0.14041694333851107,2.810450364686281,6.741487044497234e-16,1.4451324224284928e-15,7.559732491269531e-16,4.00144904859663e-15
random_cp,4,2,0.9199594119403942,1e-05,0.09787204030961334,4.013336114239074,6.747038276373412e-16,3.02048678706509e-15,1.0361662641647838e-15,1.7012605680568566e-15
random_cp,5,0,0.9304209303041118,1e-05,0.0847742433949278,4.10101359372282,1.0430347774527199e-15,3.8077997277310105e-15,1.1449337474334055e-15,1.535362579956271e-15
random_cp,5,1,1.0114997644029955,1e-05,0.07772560921758337,4.776610291448937,7.05663246792156e-16,2.506293605679835e-15,9.69903843100755e-16,3.811327015737043e-15
random_cp,5,2,0.8489229904062032,1e-05,0.07670474801709112,4.186232102963624,7.993660883857789e-16,1.6496371489665343e-15,7.739374833758258e-16,4.2228660201845365e-15
random_cp,6,0,0.9662779569126084,1e-05,0.09636575754933606,2.7693306925268937,8.263217372899267e-16,1.7791430883389897e-15,6.915665500384018e-16,6.440284248198412e-15
random_cp,6,1,1.0115893582970796,1e-05,0.08443963012308067,3.2397846940372506,3.176152838916156e-16,1.971163468799984e-15,7.305063273088186e-16,2.1355566272775288e-15
random_cp,6,2,1.147341642319755,1e-05,0.09315815716109878,2.737937697537412,2.1061546083384413e-15,7.0224586375745694e-15,1.2732335984325741e-15,3.441727003225912e-15
non_cp_non_tp_2positive_map,3,0,1.7000036666654674,1e-06,0.1666669117642653,2.999994117666282,3.475055235342072e-16,5.874748045952207e-16,3.5381555418772973e-17,2.220446049250313e-16
non_cp_non_tp_2positive_map,4,0,1.700005208330094,1e-06,0.1000003088227015,3.9999845589126113,2.346275753192048e-16,2.7755575615628914e-16,4.5102810375396984e-17,4.440892098500626e-16
non_cp_non_tp_2positive_map,5,0,1.7000068499932914,1e-06,0.06666701960656322,4.999968235577475,1.1621664088156225e-16,3.020133145511626e-16,2.83588824719624e-17,1.1102230246251565e-15
non_cp_non_tp_2positive_map,6,0,1.7000085749880953,1e-06,0.04761943277132842,5.99994338307265,3.175703960448641e-16,8.527784864785347e-16,2.1666689270499745e-17,3.3306690738754696e-16
