family,d,sample,trace,trace_imaginary,minimum_real,maximum_real,spectral_radius,rhs,slack,tolerance,holds_within_tolerance,hp_residual
random_cp,2,0,1.0667015084788203,0.0,-0.03498944533894724,0.8280620021342449,0.8280620021342449,1.5861451135905953,0.519443605111775,1.8261028949463843e-09,True,2.6600150373499037e-17
random_cp,2,1,0.3372055660514715,0.0,-0.11261783292407868,0.4842704100053761,0.4842704100053761,0.7433051541625948,0.4060995881111233,1.2937764858589096e-09,True,2.949512922619729e-17
random_cp,2,2,0.45468722801155326,0.0,-0.13087428946876387,0.5550817195417583,0.5550817195417583,0.8484148601459889,0.3937276321344356,1.4719120180210447e-09,True,5.0080047527729955e-17
random_cp,2,3,0.6018942254742321,-1.3877787807814457e-17,-0.5287607215031761,0.9511765287521923,0.9511765287521923,0.8448316144980323,0.24293738902380024,3.059874500510737e-09,True,1.5470645544566845e-17
random_cp,2,4,0.384628069845697,0.0,-0.41020982520907195,0.8488901634216957,0.8488901634216957,0.8773606764252474,0.4927326065795504,2.6181999772615357e-09,True,2.154527609871257e-17
random_cp,2,5,0.7127794461971152,0.0,-0.47398708740713946,1.1070786299782887,1.1070786299782887,1.2661830851422984,0.5534036389451832,3.2621314347708566e-09,True,2.9991128110104964e-17
random_cp,2,6,0.36852063312513433,-3.469446951953614e-18,-0.8234235183252022,1.2558347251629391,1.2558347251629391,0.8648224136754739,0.4963017805503395,4.258516486976284e-09,True,1.8643462651640314e-17
random_cp,2,7,0.998847105277821,0.0,0.06800064827589,0.5757467460490773,0.5757467460490773,1.2874947886499346,0.28864768337211366,1.3874947886499347e-09,True,4.957130859752294e-17
random_cp,2,8,0.7609852307419016,-2.7755575615628914e-17,-0.14890988538171804,0.8139151855236247,0.8139151855236247,1.3300106002838135,0.5690253695419119,2.0256501418106857e-09,True,4.091952348406903e-17
random_cp,2,9,0.9340764380654403,0.0,0.017409524004125893,0.5895381494849066,0.5895381494849066,1.213895346978065,0.2798189089126246,1.313895346978065e-09,True,2.0560787432540644e-17
random_cp,2,10,0.17434170030291757,-1.3877787807814457e-17,-0.7438989503996101,0.9637636843442394,0.9637636843442394,0.4397294678892587,0.26538776758634114,3.5153252694876993e-09,True,2.2984352113500455e-17
random_cp,2,11,0.5806920649559285,0.0,-0.11885220089241098,0.5723156782351446,0.5723156782351446,0.9069269546854672,0.32623488972953874,1.4823357582551113e-09,True,3.072500541959817e-17
random_cp,2,12,0.4877382428806159,6.938893903907228e-18,-0.14368644425683363,0.604451574848875,0.604451574848875,0.9215302611840828,0.43379201830346686,1.5962760382114175e-09,True,1.6280756326101768e-17
random_cp,2,13,0.16260000866426141,0.0,-0.684472810732232,1.0374496675688247,1.0374496675688247,0.7059537136731855,0.5433537050089241,3.543844956602114e-09,True,3.752099054621116e-17
random_cp,2,14,0.326051125397455,1.734723475976807e-17,-0.15911248020186633,0.46769458815399184,0.46769458815399184,0.617164215904251,0.29111309050679596,1.3536141367117166e-09,True,8.921032461729883e-17
random_cp,2,15,2.358551511336075,5.551115123125783e-17,0.15314518245050618,1.573239961943728,1.573239961943728,3.4527702887884684,1.0942187774523933,3.552770288788469e-09,True,2.858379979953311e-17
random_cp,2,16,0.7822854738375324,0.0,-0.34436090900845717,1.2107501610698777,1.2107501610698777,1.732778504122841,0.9504930302853085,3.2102221401566698e-09,True,5.506012650521196e-17
random_cp,2,17,1.3750359005487507,0.0,0.1388322600003341,0.7549527666585397,0.7549527666585397,1.7875700533177477,0.41253415276899696,1.8875700533177478e-09,True,1.7110404948288365e-17
random_cp,2,18,0.9631890171626281,0.0,-0.05231487273561794,0.7601529439970339,0.7601529439970339,1.415676142522832,0.45248712536020386,1.724935633465304e-09,True,5.728105723062569e-17
random_cp,2,19,1.1912410435824554,0.0,-0.1850348139810757,1.2316403319110851,1.2316403319110851,2.0932110358600187,0.9019699922775632,2.933350291784322e-09,True,2.0303412781198095e-17
random_cp,2,20,0.5554447683775434,-1.3877787807814457e-17,-0.46821225592378857,1.0193440089746475,1.0193440089746475,1.1022635061017179,0.5468187377241744,3.0751125297968726e-09,True,8.036397308656127e-17
random_cp,2,21,1.2683414774056152,0.0,-0.2578737437865976,1.248046470630969,1.248046470630969,1.9803454536887428,0.7120039762831276,3.1118404288351336e-09,True,2.4091292481400397e-17
random_cp,2,22,1.621086591878019,-3.469446951953614e-18,-0.2016024319219996,1.1093704399750064,1.1093704399750064,1.8155360161060137,0.1944494242279946,2.721945743794012e-09,True,5.1113806924651884e-17
random_cp,2,23,0.8080089936566061,-3.469446951953614e-18,-0.2881475974253282,0.7740341553065185,0.7740341553065185,0.9717731157623807,0.16376412210577462,2.2243635054636936e-09,True,2.2936966692699844e-17
random_cp,2,24,0.8946658755936143,-2.7755575615628914e-17,-0.3680099406622833,1.1885928368934557,1.1885928368934557,1.6411657924623448,0.7464999168687305,3.2132055551114788e-09,True,4.8225858787918765e-17
random_cp,2,25,1.4353418188686944,0.0,-0.12209595007378098,1.6152676414930067,1.6152676414930067,2.9863433828384514,1.551001563969757,3.574727183133576e-09,True,4.753623156203244e-17
random_cp,2,26,0.7095903427701789,0.0,-0.5572108894698697,1.0544652566443218,1.0544652566443218,0.9945087343489041,0.2849183915787252,3.3233522922283834e-09,True,5.910111801599467e-17
random_cp,2,27,1.3588972207964989,2.7755575615628914e-17,0.0031136639308539105,0.8375489625241804,0.8375489625241804,1.6813252529100686,0.32242803211356974,1.7813252529100688e-09,True,3.966012076486316e-17
random_cp,2,28,1.4340331776727924,0.0,0.08304747727177973,1.0627653247379318,1.0627653247379318,2.291625604019423,0.8575924263466308,2.3916256040194234e-09,True,3.165542948653807e-17
random_cp,2,29,1.5158197551647838,0.0,-0.07584673497263637,1.48168869821039,1.48168869821039,2.8116839264755074,1.2958641713107235,3.215070866366053e-09,True,2.746784571344929e-17
random_cp,2,30,2.49958811975066,0.0,0.03844092716974347,1.5709671146025084,1.5709671146025084,3.2188160835445037,0.7192279637938435,3.318816083544504e-09,True,4.433437731386044e-17
random_cp,2,31,1.369079228365619,0.0,-0.48511972524793007,2.024952300491687,2.024952300491687,3.079665150487514,1.7105859221218949,5.120144051479235e-09,True,3.196910854214006e-17
random_cp,2,32,0.9277802660464703,0.0,-0.23842183975165823,0.9589294611019392,0.9589294611019392,1.441015242700562,0.5132349766540917,2.494702601707195e-09,True,3.0868867406788957e-17
random_cp,2,33,0.4136564312001612,0.0,-0.4467108698496988,0.9889342498141677,0.9889342498141677,1.0844467599289378,0.6707903287287766,2.971290239327733e-09,True,4.0070912319274554e-17
random_cp,2,34,1.312708557599069,-2.7755575615628914e-17,-0.37138660831406517,1.1641495019725725,1.1641495019725725,1.5855257873170148,0.27281722971794586,3.1710722205732753e-09,True,5.697963099000292e-17
random_cp,2,35,0.6144192631145644,-2.862293735361732e-17,-0.6435345527089017,1.2101288990395875,1.2101288990395875,1.1331886926613717,0.5187694295468073,3.807326903496979e-09,True,9.954119504170203e-17
random_cp,2,36,0.5016828747774242,-1.9081958235744878e-17,-0.22655543342386528,0.5875739698573557,0.5875739698573557,0.7220370728669807,0.22035419808955647,1.7282588065624422e-09,True,3.4028557064049804e-17
random_cp,2,37,0.6637828849635333,0.0,-0.2593950162052427,0.8167869452354096,0.8167869452354096,1.114783858060334,0.45100097309680065,2.2523639228813045e-09,True,3.576409023187376e-17
random_cp,2,38,1.0837033209065297,0.0,-0.05414859111428428,0.9318325666374763,0.9318325666374763,1.755367951046384,0.6716646301398543,2.0719623155035214e-09,True,1.8698514540831098e-17
random_cp,2,39,0.8781586009631506,0.0,-0.11041385102884893,0.8826510104552427,0.8826510104552427,1.5444743188527876,0.6663157178896371,2.0861297229681835e-09,True,2.085260541589418e-17
random_cp,3,0,0.8788548565904004,1.4741979708698114e-18,-0.29287441696256994,1.144488453839884,1.144488453839884,5.988307472151595,5.109452615561194,7.845553973927014e-09,True,3.887930331328913e-17
random_cp,3,1,0.6030246281477347,-6.747484465065214e-19,-0.3828155247059943,0.941435732884061,0.941435732884061,4.500167823186382,3.8971431950386477,6.897060971422349e-09,True,4.117780732284878e-17
random_cp,3,2,1.3487259846823723,-3.8259098482889333e-19,-0.33782844666771306,1.2057920421568589,1.2057920421568589,6.221266912938013,4.872540928255641,8.348237592944293e-09,True,5.717247382322395e-17
random_cp,3,3,0.5471265677141794,-7.282764167618959e-18,-0.32932049643175587,0.8821355347175821,0.8821355347175821,4.304851719010225,3.7577251512960457,6.3807746976007605e-09,True,4.998073578749841e-17
random_cp,3,4,1.0912594261890216,-1.240463718982374e-18,-0.5636169936171517,1.3318253901321788,1.3318253901321788,6.300101359941618,5.208841933752596,9.781803321644529e-09,True,4.210604652818898e-17
random_cp,3,5,0.4395569705483095,-6.924914522204062e-19,-0.2425219420488916,1.0217698632422347,1.0217698632422347,5.403053353306733,4.963496382758423,6.9581850056000835e-09,True,5.99150597809787e-17
random_cp,3,6,0.9971776372522887,1.4089223024357797e-17,-0.30439406269093083,1.0453526538245113,1.0453526538245113,5.358933734874275,4.361756097621986,7.285298111019861e-09,True,4.814108432131655e-17
random_cp,3,7,0.9389571676617113,-5.50088553426305e-17,-0.4178479221665623,1.2478756220551932,1.2478756220551932,6.233709965831473,5.294752798169761,8.840797498830846e-09,True,5.344537436844113e-17
random_cp,3,8,0.43459811634021067,1.3623529273744656e-18,-0.22704648720337609,0.8559863966672082,0.8559863966672082,4.454778918393121,4.02018080205291,5.917057841613378e-09,True,4.528686823935102e-17
random_cp,3,9,1.1118265536416667,-1.5182219451492981e-18,-0.22841051486943686,0.892784498064435,0.892784498064435,4.6714754437783,3.559648890136634,6.141938532994922e-09,True,7.651269458419177e-17
random_cp,3,10,1.074905162288276,5.688902736827506e-17,-0.17110954966417832,0.8001524615791182,0.8001524615791182,4.287586120482175,3.2126809581938987,5.414243418467244e-09,True,5.814502609503382e-17
random_cp,3,11,1.0915659581027106,4.093608586915239e-18,-0.3552015515648507,0.9802062284022666,0.9802062284022666,4.815632715719047,3.724066757616336,7.046842025108152e-09,True,6.079063083094688e-17
random_cp,3,12,0.746452138404606,5.5994300883986326e-18,-0.3589199431803615,1.132868839812051,1.132868839812051,5.720453209331221,4.974001070926615,7.97397286841339e-09,True,6.70167719765298e-17
random_cp,3,13,0.4314053821385757,1.648809865040334e-19,-0.3494567444439974,0.9648416691137764,0.9648416691137764,4.740679781350666,4.30927439921209,6.937420248014651e-09,True,5.163579850323772e-17
random_cp,3,14,0.4014751782304526,-2.805134739128695e-17,-0.2939370319167191,0.8533280965443314,0.8533280965443314,4.238157483515831,3.8366823052853785,6.101779675016145e-09,True,4.6899075879612476e-17
random_cp,3,15,0.6980450517814681,1.9777665626631493e-17,-0.4075568737704216,1.0498990956171297,1.0498990956171297,5.0767239523915135,4.378678900610045,7.622065195014043e-09,True,4.844942982057785e-17
random_cp,3,16,1.1893958190320502,-7.5800697644441e-19,-0.3589380417416665,1.0021773853044977,1.0021773853044977,4.936250186601987,3.746854367569936,7.189878437051987e-09,True,6.157571693055977e-17
random_cp,3,17,1.1351901934166964,3.2370643117399995e-17,-0.26088052879823953,1.202524361043301,1.202524361043301,6.432504579865087,5.297314386448391,8.097787752654524e-09,True,9.237601584312665e-17
random_cp,3,18,2.5736485598228773,3.811088989759943e-17,-0.19391270391115775,1.438533088867092,1.438533088867092,8.049460421469078,5.475811861646201,9.312936644936026e-09,True,7.123166938522323e-17
random_cp,3,19,0.7151117023056781,1.6908381049567628e-17,-0.41172749099962114,1.0999056635977518,1.0999056635977518,5.364251508587648,4.64913980628197,7.934616454585374e-09,True,7.110954138850006e-17
random_cp,3,20,0.430414612776593,-1.4480362908305338e-17,-0.29624411376109633,0.8910509031815383,0.8910509031815383,4.457573077805941,4.027158465029348,6.3350377603725196e-09,True,7.421978623961869e-17
random_cp,3,21,0.38748000399147003,-8.717832647444921e-18,-0.5886496859852556,0.9936659499184655,0.9936659499184655,4.196046641555025,3.808566637563555,7.82794475746656e-09,True,6.226130488470548e-17
random_cp,3,22,1.4581497523176505,1.2441202839227092e-17,-0.019201329253516097,0.9754992586093982,0.9754992586093982,5.7953915638958415,4.337241811578191,6.0105995394169385e-09,True,5.316777488290785e-17
random_cp,3,23,1.1258209565084458,-2.7572278038724532e-17,-0.2655010622884607,0.8651977487201696,0.8651977487201696,4.394683305455636,3.2688623489471897,6.0876896791864e-09,True,5.2453102235512025e-17
random_cp,3,24,0.4595371864284903,3.688585743299255e-18,-0.37429695349651304,0.920489018534248,0.920489018534248,4.4000432507159495,3.940506064287459,6.7458249716950285e-09,True,6.644031334638528e-17
random_cp,3,25,1.5929919074665944,-1.279806960990931e-18,-0.33206241024369715,1.1420076935229246,1.1420076935229246,5.855858930406455,4.2628670229398615,7.948233391868639e-09,True,3.361331053200791e-17
random_cp,3,26,0.7733358245038535,5.945948923663661e-18,-0.47259468946763245,1.0838855282271362,1.0838855282271362,5.085529100959921,4.3121932764560675,8.021097237765714e-09,True,4.6312894368834045e-17
random_cp,3,27,1.6716828833534785,3.32050724183883e-17,-0.2695577330797696,1.1399964894668886,1.1399964894668886,6.031305737562024,4.359622854208546,7.74865213604064e-09,True,6.118770511698295e-17
random_cp,3,28,1.0209693156255923,4.2909380205251785e-18,-0.46121918394638084,1.1338677440865281,1.1338677440865281,5.4195489126800265,4.398579597054434,8.286864016358312e-09,True,5.697600428165272e-17
random_cp,3,29,0.6144176623928566,-1.0575812174058166e-18,-0.28922238869105066,0.7126855236089178,0.7126855236089178,3.408445975580355,2.7940283131874986,5.243780307726659e-09,True,6.571201851841693e-17
random_cp,3,30,0.8485962848927424,6.3478646735396435e-19,-0.2591314401954156,0.8269445687017241,0.8269445687017241,4.184273091624098,3.3356768067313554,5.839061732796591e-09,True,7.36830245635528e-17
random_cp,3,31,1.1691428057512048,6.092101877523139e-18,-0.20472977103102546,0.8312994472936033,0.8312994472936033,4.373607370668543,3.204464564917338,5.701985996854696e-09,True,7.576858814428128e-17
random_cp,3,32,2.4231632323741,-5.5324695834087605e-17,-0.053318498034878536,0.9558903104961236,0.9558903104961236,5.575386368872106,3.152223136498006,5.995297357081378e-09,True,5.35729167638789e-17
random_cp,3,33,0.5827693059465837,-4.483923687869217e-18,-0.773142462921143,1.3832344320882288,1.3832344320882288,5.979979203765944,5.39720989781936,1.0718833981292802e-08,True,6.833506226738115e-17
random_cp,3,34,1.1162018925030517,6.941685049351112e-18,-0.32228724191290875,1.0974884757296506,1.0974884757296506,5.618069128639178,4.5018672361361265,7.65179258011663e-09,True,4.886954973920787e-17
random_cp,3,35,0.9719693620981145,4.472826306596719e-19,-0.2522262464810198,0.900130060583662,0.900130060583662,4.644101624058912,3.6721322619607975,6.257459102945032e-09,True,4.819246902567114e-17
random_cp,3,36,0.5786078608455542,6.901173959995535e-19,-0.4786071819876591,0.925206132729135,0.925206132729135,4.115415250411832,3.536807389566278,7.087058342337788e-09,True,5.193634561081848e-17
random_cp,3,37,0.6547279491615683,-5.530077717440871e-17,-0.3384934796419097,0.9877039975857403,0.9877039975857403,4.910743546588713,4.256015597427145,7.0417044244401716e-09,True,9.511017048065175e-17
random_cp,3,38,0.7403191254510788,2.771904305549035e-19,-0.3212722430097221,0.8924094367871638,0.8924094367871638,4.390639891693817,3.650320766242738,6.41827334975215e-09,True,3.5139765578238725e-17
random_cp,3,39,1.166098015721654,2.05217912743784e-17,-0.38426790929526167,1.0232475360369337,1.0232475360369337,4.986681488335818,3.820583472614164,7.392288944107388e-09,True,4.2318622961395097e-17
random_cp,4,0,1.5351391021818919,-4.163336342344337e-17,-0.3335175531842953,1.0226726746247237,1.0226726746247237,10.938001882759503,9.40286278057761,1.3706142308233866e-08,True,6.719320092792401e-17
random_cp,4,1,0.6820485765390853,-2.7755575615628914e-17,-0.3629730855303098,0.9692523331279308,0.9692523331279308,10.179135655413932,9.497087078874847,1.3182920339656409e-08,True,7.394127808554535e-17
random_cp,4,2,1.378964726162566,-5.551115123125783e-17,-0.2697697151236505,0.9199182323195079,0.9199182323195079,9.959939927339493,8.580975201176926,1.2218097648328698e-08,True,6.185849135164029e-17
random_cp,4,3,0.9438801956096002,0.0,-0.5431456053655667,1.1050670684357882,1.1050670684357882,11.088222399767192,10.144342204157592,1.5533387242691726e-08,True,6.566179820169583e-17
random_cp,4,4,0.7370592992580531,-2.7755575615628914e-17,-0.27015500086077415,1.106012163100258,1.106012163100258,12.19152595376,11.454466654501946,1.4452765960646191e-08,True,5.310782687602747e-17
random_cp,4,5,1.3463776061136106,7.979727989493313e-17,-0.24860729479128166,1.1915011653765042,1.1915011653765042,13.303584805352923,11.957207199239312,1.539244316368318e-08,True,6.807072002102747e-17
random_cp,4,6,1.0504838389440585,2.7755575615628914e-17,-0.40908031056936356,1.4245438194116686,1.4245438194116686,15.458204590662568,14.407720751718509,1.8830847075217478e-08,True,5.953790044235109e-17
random_cp,4,7,1.1442874159595813,0.0,-0.3372119499173951,1.148237732577763,1.148237732577763,12.430004991263576,11.285717575303995,1.522770059060274e-08,True,5.784294871214056e-17
random_cp,4,8,0.5824898805255919,5.551115123125783e-17,-0.4607034102125357,0.9606039854830559,0.9606039854830559,9.684434184946529,9.101944304420936,1.3470061466646813e-08,True,7.325217369088917e-17
random_cp,4,9,0.6855822472748496,1.3877787807814457e-17,-0.3010908457743662,0.7467521690782313,0.7467521690782313,7.756662645841311,7.071080398566461,1.026538941203624e-08,True,6.343069804662418e-17
random_cp,4,10,0.8485379345384698,0.0,-0.5092166729384044,1.0644930547300442,1.0644930547300442,10.737049965006912,9.888512030468442,1.491078334851415e-08,True,8.457324769215616e-17
random_cp,4,11,0.595095699601218,-1.3877787807814457e-17,-0.3627692990826321,0.8343081770813928,0.8343081770813928,8.560620928646186,7.965525229044967,1.1562775321307243e-08,True,8.48208804832641e-17
random_cp,4,12,2.0901837662618394,8.326672684688674e-17,-0.3035085641442759,1.2318753430965819,1.2318753430965819,13.568469860581878,11.478286094320039,1.609653837373609e-08,True,6.07033724695609e-17
random_cp,4,13,0.36407516768152204,1.3877787807814457e-17,-0.5189631041324133,1.1235220446619318,1.1235220446619318,11.40641211941353,11.042336951732008,1.5658116952472837e-08,True,6.62147684820104e-17
random_cp,4,14,1.525303861200193,-5.551115123125783e-17,-0.44740744068371496,1.071111968723922,1.071111968723922,11.063713861952204,9.53841000075201,1.4742973387421923e-08,True,5.326141704786394e-17
random_cp,4,15,1.39388394715867,0.0,-0.2938823371749546,0.8874259606381915,0.8874259606381915,9.473582178958479,8.079698231799808,1.1924640876358115e-08,True,5.884399838146996e-17
random_cp,4,16,1.426676275572059,0.0,-0.19286460092452454,0.9112834772748828,0.9112834772748828,10.163943323600495,8.737267048028436,1.1806860130996692e-08,True,6.558536325008148e-17
random_cp,4,17,0.9545883466080881,-2.7755575615628914e-17,-0.4571768085523837,1.0532456412463203,1.0532456412463203,10.810240460746307,9.85565211413822,1.4567654929165377e-08,True,5.938497826866447e-17
random_cp,4,18,1.3594418721417205,0.0,-0.4002422282188307,1.0626651249321613,1.0626651249321613,11.15101258631061,9.79157071416889,1.4452950412061257e-08,True,6.669018874884614e-17
random_cp,4,19,1.6333946543033222,-5.551115123125783e-17,-0.3763760828264877,1.0490457749192479,1.0490457749192479,11.083044967725023,9.449650313421701,1.4194053630336927e-08,True,7.7296467846469e-17
random_cp,4,20,0.5646247603825625,-2.0816681711721685e-17,-0.40523953090227294,1.0222656268834174,1.0222656268834174,10.646229398991917,10.081604638609354,1.3988145646210102e-08,True,6.415867227490985e-17
random_cp,4,21,1.2554341574036716,5.551115123125783e-17,-0.5092335628334215,1.1124545619679387,1.1124545619679387,11.312520492281578,10.057086334877907,1.5486388994948953e-08,True,5.240693747880944e-17
random_cp,4,22,0.680554463538727,-1.3877787807814457e-17,-0.258331548245432,0.7547047411724345,0.7547047411724345,8.023130701087487,7.3425762375487595,1.0189783087050942e-08,True,5.898735909434217e-17
random_cp,4,23,0.9190879940261875,4.163336342344337e-17,-0.24474095269222226,0.9307732377867269,0.9307732377867269,10.190315042671834,9.271227048645647,1.2248242664209612e-08,True,6.895644824155599e-17
random_cp,4,24,1.3029581963659775,-1.3877787807814457e-17,-0.3817858200680741,1.1473874228873728,1.1473874228873728,12.241505794376177,10.9385475980102,1.5395792354920772e-08,True,5.3494013568455625e-17
random_cp,4,25,0.7642808639228706,-5.551115123125783e-17,-0.547428114440582,1.0042397455003764,1.0042397455003764,9.86116448824219,9.09688362431932,1.4340589403766845e-08,True,8.44717372942129e-17
random_cp,4,26,0.8664875463110967,0.0,-0.30419866532611184,0.9496094923037932,0.9496094923037932,10.178519246341072,9.312031700029975,1.2712108568949967e-08,True,6.150156856861292e-17
random_cp,4,27,0.6718447716353189,0.0,-0.3744301939873583,0.9168250727518803,0.9168250727518803,9.50418009707313,8.83233532543781,1.2599621648971998e-08,True,5.806166155880426e-17
random_cp,4,28,0.5132382231601618,-1.3877787807814457e-17,-0.43992178344034283,1.05014235510902,1.05014235510902,10.84202112754687,10.328782904386708,1.4461395395069613e-08,True,5.978347566971623e-17
random_cp,4,29,0.604691974051999,0.0,-0.46385692268617623,1.0837498992304513,1.0837498992304513,11.149571100020712,10.544879125968713,1.4960426481510123e-08,True,7.084368165861699e-17
random_cp,4,30,0.45694213713186244,-2.0816681711721685e-17,-0.3047297789708932,0.8477528696216926,0.8477528696216926,8.954115319576738,8.497173182444875,1.1491953551343883e-08,True,7.187107433208573e-17
random_cp,4,31,0.3408135679025386,2.7755575615628914e-17,-0.5438226964051682,1.135001201318449,1.135001201318449,11.444723630200714,11.103910062298176,1.5895305201442063e-08,True,5.843091526591052e-17
random_cp,4,32,0.808250496137809,0.0,-0.4866210691007712,1.0304295122665497,1.0304295122665497,10.41866987079551,9.6104193746577,1.441163842360168e-08,True,7.072925326041758e-17
random_cp,4,33,0.6414177855866487,-2.7755575615628914e-17,-0.23164083141931666,0.6988667734447628,0.6988667734447628,7.4598379556598875,6.818420170073239,9.41296460701442e-09,True,7.363910357303263e-17
random_cp,4,34,0.6461218301827664,-2.7755575615628914e-17,-0.3474741955082391,0.9945784484944735,0.9945784484944735,10.545044599900727,9.898922769717961,1.3424838163966639e-08,True,6.785707565743419e-17
random_cp,4,35,0.9560933871576222,0.0,-0.29324205211082377,1.09155350846211,1.09155350846211,11.925673893102024,10.969580505944402,1.4371610309988616e-08,True,5.265696006027798e-17
random_cp,4,36,0.8626212135971774,2.7755575615628914e-17,-0.4128126812158889,0.9856576655050261,0.9856576655050261,10.176641261196758,9.31402004759958,1.3579142710923869e-08,True,6.474110098028009e-17
random_cp,4,37,1.2667639551291745,-2.7755575615628914e-17,-0.4923251072373645,0.8509201224096964,0.8509201224096964,8.241741039966898,6.9749770848377235,1.2280341897865814e-08,True,6.548243898786173e-17
random_cp,4,38,0.659943334353371,0.0,-0.4507797644910148,0.9310419062949031,0.9310419062949031,9.369383817574779,8.709440483221407,1.3075621933502897e-08,True,6.527387473385103e-17
random_cp,4,39,1.5627953811591868,-5.551115123125783e-17,-0.2681729480687651,0.9817657004690059,0.9817657004690059,10.708496613353011,9.145701232193824,1.2953880197903133e-08,True,6.715885812237285e-17
random_cp,5,0,1.4433442049348035,-3.3923544325390744e-18,-0.24187263164258777,0.9303716406533517,0.9303716406533517,17.398069654854094,15.954725449919291,1.991679597127997e-08,True,7.47923930577268e-17
random_cp,5,1,0.8044914731505778,-4.1651187858415475e-17,-0.3830234764493849,1.0114482740172777,1.0114482740172777,18.313848098098628,17.50935662494805,2.2244082862592483e-08,True,6.212039465931263e-17
random_cp,5,2,1.0254968060466478,-3.9423931984964445e-17,-0.2854581507869635,0.8488711217393166,0.8488711217393166,15.550131680851512,14.524634874804864,1.8504713188721148e-08,True,7.96324109993214e-17
random_cp,5,3,0.6604102664942919,-2.7597217450736718e-17,-0.33119766481731944,0.9618772604025252,0.9618772604025252,17.58155688396391,16.921146617469617,2.0993533532137103e-08,True,7.257157160112898e-17
random_cp,5,4,1.2422976153609755,6.781740951874346e-19,-0.3108051129514736,1.099979718539942,1.099979718539942,20.44556880604147,19.203271190680496,2.3653619935556207e-08,True,6.936839302231533e-17
random_cp,5,5,1.721790444929647,-3.1192579035746774e-17,-0.3166952744798347,0.9575814699691338,0.9575814699691338,17.568153026983506,15.846362582053859,2.0835105771781853e-08,True,8.283472924067421e-17
random_cp,5,6,0.3694393673885131,-1.7831668208516023e-17,-0.35153901606032834,1.0355735465786124,1.0355735465786124,18.95377585127061,18.584336483882097,2.2569166011873895e-08,True,7.577966916875833e-17
random_cp,5,7,0.9899204784573826,-1.6313436808728736e-17,-0.40282699358731133,0.9735806612826701,0.9735806612826701,17.457478257716843,16.46755777925946,2.1585748193589957e-08,True,7.400875482247148e-17
random_cp,5,8,1.8219463682827064,4.0071621951862805e-17,-0.36239512305372534,1.0260041095273198,1.0260041095273198,18.70810657527777,16.886160206995065,2.2432057805815024e-08,True,6.606459621857544e-17
random_cp,5,9,1.6433159472190455,-6.122514787605347e-18,-0.4065224876679959,1.1758954690143977,1.1758954690143977,21.485296941947972,19.841980994728928,2.5650521818627938e-08,True,7.150784640689151e-17
random_cp,5,10,0.8213825678910853,-3.712350577724428e-17,-0.43774589773443917,0.989354584571634,0.989354584571634,17.598362202760487,16.776979634869402,2.2075821180104878e-08,True,7.298298890962457e-17
random_cp,5,11,1.182358359269108,2.8872499675966707e-17,-0.4202231168848578,0.923419848660902,0.923419848660902,16.367281388793753,15.184923029524645,2.0669512557642333e-08,True,6.922456088445551e-17
random_cp,5,12,1.6092389506082276,-1.550283414877344e-17,-0.2917859103713166,0.9958522084522192,0.9958522084522192,18.458114617187803,16.848875666579577,2.1475973720900968e-08,True,7.78819972019631e-17
random_cp,5,13,1.6308381949343769,-2.1813729329739464e-17,-0.4117200592468814,1.0438277031863772,1.0438277031863772,18.817953767493137,17.18711557255876,2.303515435996195e-08,True,6.799398468237077e-17
random_cp,5,14,1.2746305649592482,1.3208820948654796e-17,-0.2848576521834432,1.1176539963945193,1.1176539963945193,20.928791666973172,19.654161102013923,2.3877368188807605e-08,True,7.721590600031763e-17
random_cp,5,15,0.33984160218352866,-1.1640253974096093e-17,-0.3654506045680628,0.8764244660620719,0.8764244660620719,15.701236298401124,15.361394696217594,1.9455742344081753e-08,True,6.369282047561847e-17
random_cp,5,16,1.3567886018589441,1.5344770441718967e-17,-0.31247518858262924,0.9399939061485916,0.9399939061485916,17.237502180058687,15.880713578199742,2.0462254065884982e-08,True,7.44824040183382e-17
random_cp,5,17,0.8458187163964315,-4.120525153059046e-17,-0.30740567981574574,1.0231503298481044,1.0231503298481044,18.92597819788336,18.08015948148693,2.210003499604082e-08,True,6.438082609596447e-17
random_cp,5,18,1.3385300884449032,3.00001375322524e-18,-0.28503568734133283,1.0186605842039511,1.0186605842039511,18.94803324737236,17.60950315892746,2.1898390120785688e-08,True,8.141217414379833e-17
random_cp,5,19,0.748035083317169,4.534236676555396e-17,-0.22686753892905115,0.7780234370466192,0.7780234370466192,14.42613104628713,13.678095962969962,1.6794806435577644e-08,True,8.070759487706796e-17
random_cp,5,20,1.6884004940468214,-8.744552646035833e-18,-0.4594951974255619,1.1060963421312893,1.1060963421312893,19.82445085549798,18.136050361451158,2.4519402829753596e-08,True,7.467469475103898e-17
random_cp,5,21,1.4488900904440551,-2.559294204839216e-17,-0.47817516946783317,1.0714929851482278,1.0714929851482278,19.03898385562539,17.590093765181333,2.3920735550303725e-08,True,7.828858945977938e-17
random_cp,5,22,0.6846655768491308,1.866025692862855e-17,-0.3002145612533406,0.891969418491355,0.891969418491355,16.3383155635604,15.653649986711269,1.9440461176093807e-08,True,7.07462289942795e-17
random_cp,5,23,0.5846328525394705,-2.1398015857677086e-18,-0.3504131785583929,0.905598456476709,0.905598456476709,16.359903236742216,15.775270384202745,1.9964035022326148e-08,True,6.884541231177813e-17
random_cp,5,24,1.181271184425021,-3.5895206305114846e-19,-0.3831928787177912,0.9896516261165798,0.9896516261165798,17.877068128742636,16.695796944317614,2.1808996915920554e-08,True,6.884169286370387e-17
random_cp,5,25,0.5397712424580492,3.161269559148904e-17,-0.3028713848782596,0.9512202639367264,0.9512202639367264,17.51004835434323,16.97027711188518,2.0638762203125827e-08,True,7.983227726050565e-17
random_cp,5,26,0.6263574683718107,-2.039371198340471e-17,-0.25929059733614546,0.9001019977255136,0.9001019977255136,16.705586967829547,16.079229499457735,1.9398492941191003e-08,True,6.894347299391315e-17
random_cp,5,27,1.018687096502294,1.7250969411055357e-17,-0.41073473370549796,1.030552631311724,1.030552631311724,18.557378957706987,17.538691861204693,2.276472629476197e-08,True,6.556756377404292e-17
random_cp,5,28,1.1367330816267893,-3.878635754414954e-17,-0.33007767465853655,0.9626131766052957,0.9626131766052957,17.601875158813233,16.465142077186442,2.1002651905398597e-08,True,7.506927229412996e-17
random_cp,5,29,0.6519286667544612,8.267743927282353e-18,-0.32998873045233273,0.9272229758969499,0.9272229758969499,16.894515865677334,16.242587198922873,2.0294403170200662e-08,True,6.541232168156143e-17
random_cp,5,30,0.6503514734707102,-2.1112387086038294e-18,-0.45412119161442666,1.0685211972376645,1.0685211972376645,19.09981798668116,18.44946651321045,2.3741029902825426e-08,True,6.738975810846177e-17
random_cp,5,31,0.6456496786451502,-2.1467441500155832e-17,-0.3598852397895733,0.9406423118381368,0.9406423118381368,17.01342003781487,16.36777035916972,2.0712272435710606e-08,True,6.736108686882093e-17
random_cp,5,32,0.7603828465771809,1.4792406392917795e-17,-0.48285267434102347,1.1077235213302177,1.1077235213302177,19.740207054899237,18.979824208322057,2.4668733798309476e-08,True,6.301895539724828e-17
random_cp,5,33,0.5891963185401399,-2.1042425938755207e-17,-0.4240745360856183,1.0174989558807583,1.0174989558807583,18.229606437187076,17.640410118646937,2.257035179804326e-08,True,7.312321309305835e-17
random_cp,5,34,1.180150956560053,-2.845752651605816e-17,-0.30469692003746307,0.9875727300348776,0.9875727300348776,18.227970000510233,17.04781904395018,2.1374939200884867e-08,True,6.385594111897199e-17
random_cp,5,35,0.40297520138234494,6.932249007744173e-18,-0.37685848394368343,1.0585643143949484,1.0585643143949484,19.28699386818055,18.884018666798205,2.3155578707617386e-08,True,6.312028122291625e-17
random_cp,5,36,1.2000642991276755,-1.602368290817958e-17,-0.3226560900323489,1.0324626001315904,1.0324626001315904,19.035971552470063,17.835907253342388,2.2362532452793555e-08,True,6.252955091883472e-17
random_cp,5,37,0.39257034694469073,-2.4128807625567436e-17,-0.29710312310325687,0.9431290045657676,0.9431290045657676,17.377064475799067,16.984494128854376,2.0448095706831636e-08,True,7.480046352996896e-17
random_cp,5,38,0.949567192356483,-1.3846164045276294e-18,-0.4298153834595154,1.0645075197479952,1.0645075197479952,19.141073477662324,18.19150628530584,2.353922731225748e-08,True,6.610440119171024e-17
random_cp,5,39,0.6053985307227121,9.2838331722116e-18,-0.36936622656855633,0.9430450814698076,0.9430450814698076,17.014070496553373,16.40867196583066,2.0807732762238935e-08,True,6.106902372040738e-17
random_cp,6,0,0.736218666627095,0.0,-0.36045897426063367,0.9662167518689302,0.9662167518689302,26.823748710504102,26.087530043877006,3.124925640163171e-08,True,7.630162667555492e-17
random_cp,6,1,0.6424840461310735,-2.7755575615628914e-17,-0.31792460046172294,1.011526950189893,1.011526950189893,28.43826090292645,27.795776856795378,3.235335610846713e-08,True,6.843954257363947e-17
random_cp,6,2,0.6316360767209197,3.122502256758253e-17,-0.3698844517096941,1.1472823127727945,1.1472823127727945,32.19916267292567,31.567526596204747,3.6737776093442004e-08,True,8.194794581901471e-17
random_cp,6,3,0.749881342746006,6.938893903907228e-18,-0.4134953123707178,0.9962362864513334,0.9962362864513334,27.406116719315698,26.65623537656969,3.246806046776431e-08,True,7.959457192015924e-17
random_cp,6,4,0.9862530816535748,-1.0408340855860843e-17,-0.312299090768654,1.0203733516159788,1.0203733516159788,28.73740600386744,27.751152922213866,3.258499509309129e-08,True,7.000357582403406e-17
random_cp,6,5,0.39601142687124874,0.0,-0.29654298136987156,0.9263925949453012,0.9263925949453012,26.012519960139805,25.616508533268558,2.967103573657827e-08,True,7.466994522466009e-17
random_cp,6,6,0.9577114138717956,-2.7755575615628914e-17,-0.3832773767733098,0.9712364997577738,0.9712364997577738,26.837430732093356,25.87971931822156,3.153675925337308e-08,True,7.220361619042056e-17
random_cp,6,7,1.4137237762127786,0.0,-0.36122748395466264,1.1359313340839747,1.1359313340839747,31.910575118791268,30.496851342578488,3.634530492624723e-08,True,7.32614515421993e-17
random_cp,6,8,0.989239514968692,-2.7755575615628914e-17,-0.29887218302629576,0.9392797400417728,0.9392797400417728,26.38515910309541,25.39591958812672,3.007162529941096e-08,True,7.530098801354455e-17
random_cp,6,9,1.0507505974637685,0.0,-0.2727168869898793,0.9976551458237615,0.9976551458237615,28.29335305277357,27.2426024553098,3.1665955696652123e-08,True,7.380174141158875e-17
random_cp,6,10,1.1343925342627754,1.3877787807814457e-17,-0.3003618299577568,1.0171848628356206,1.0171848628356206,28.713374905322077,27.5789823710593,3.241771686481516e-08,True,7.745408112462281e-17
random_cp,6,11,1.3215227757100974,0.0,-0.30404365100490294,1.0799278478526173,1.0799278478526173,30.573573529549105,29.252050753839008,3.4322097341607947e-08,True,7.826442366725021e-17
random_cp,6,12,1.1961824907869487,1.0408340855860843e-17,-0.29385650784272344,0.9800931812423718,0.9800931812423718,27.63965639021481,26.44347389942786,3.12659344843275e-08,True,8.283630548010663e-17
random_cp,6,13,0.8001839033888566,1.3877787807814457e-17,-0.28767582237375,0.9799881190196944,0.9799881190196944,27.67358863634833,26.873404732959475,3.122569850483334e-08,True,7.502511918948503e-17
random_cp,6,14,0.6262406615249694,5.551115123125783e-17,-0.31851024842405484,0.8500059557753683,0.8500059557753683,23.58911718271672,22.96287652119175,2.7511240163805383e-08,True,6.876025555796484e-17
random_cp,6,15,1.0678579614451453,-1.3877787807814457e-17,-0.36383025408876435,1.0731082175080253,1.0731082175080253,30.010265000708173,28.942407039263028,3.447622804977335e-08,True,7.415533578692627e-17
random_cp,6,16,1.5094893105211802,2.7755575615628914e-17,-0.3339531530796194,0.9198353497774501,0.9198353497774501,25.591341574845785,24.081852264324606,2.969877941180122e-08,True,7.687695378515153e-17
random_cp,6,17,1.0732640883332014,2.0816681711721685e-17,-0.47476546776310463,1.070636070072137,1.070636070072137,29.270489295585477,28.197225207252277,3.506767490874274e-08,True,7.74147664223314e-17
random_cp,6,18,0.9812943746634494,1.3877787807814457e-17,-0.3658522265217309,1.0742959833458263,1.0742959833458263,30.033766141244403,29.052471766580954,3.452399285950518e-08,True,7.480909766816248e-17
random_cp,6,19,1.148846990052026,-2.7755575615628914e-17,-0.3203188578687748,0.9110757724573054,0.9110757724573054,25.410360026506513,24.261513036454488,2.9354186320931813e-08,True,7.650787133594754e-17
random_cp,6,20,0.8968294667139968,-3.469446951953614e-18,-0.37438123423179753,1.103133258928936,1.103133258928936,30.847710362477297,29.9508808957633,3.5440285173258875e-08,True,8.253955240035688e-17
random_cp,6,21,1.3112518154773984,0.0,-0.2839294558343051,0.949033296453476,0.949033296453476,26.76742215859845,25.45617034312105,3.0274575628610115e-08,True,7.490976387687294e-17
random_cp,6,22,0.8798914347385436,5.551115123125783e-17,-0.3023332240308434,0.9070830762030528,0.9070830762030528,25.398492941906525,24.518601507167983,2.9126491630276647e-08,True,7.827218143212468e-17
random_cp,6,23,0.6710736303868474,5.551115123125783e-17,-0.36295372454239927,1.0024043324419403,1.0024043324419403,27.89440762600381,27.223333995616965,3.23498523205126e-08,True,6.431716408147669e-17
random_cp,6,24,1.055189954255052,-2.7755575615628914e-17,-0.3197237667874323,0.9313503322862664,0.9313503322862664,26.0221673678634,24.966977413608348,2.9958852569312585e-08,True,7.030907677623126e-17
random_cp,6,25,1.7113069830401013,-5.551115123125783e-17,-0.29562354472045804,1.0420537944867605,1.0420537944867605,29.487872566280068,27.776565583239964,3.313535510292557e-08,True,7.373988454034968e-17
random_cp,6,26,1.0669663527479398,-5.551115123125783e-17,-0.24293182814258096,0.958627035234694,0.958627035234694,27.301220088185335,26.234253735437395,3.0316402025896306e-08,True,7.040761786370617e-17
random_cp,6,27,1.0002714255769198,-1.3877787807814457e-17,-0.3347778194688178,1.0052049517092543,1.0052049517092543,28.14748163446472,27.147210208887802,3.226481546809054e-08,True,7.536337346339715e-17
random_cp,6,28,0.9508913831747536,2.7755575615628914e-17,-0.31404012757209593,0.9614616580269149,0.9614616580269149,26.95960897537487,26.008717592200117,3.0828090506240026e-08,True,7.398377649640944e-17
random_cp,6,29,0.6738191702602218,2.7755575615628914e-17,-0.36643880283864366,1.1001216689025113,1.1001216689025113,30.80501725004348,30.13119807978326,3.530228288410721e-08,True,7.626653682395546e-17
random_cp,6,30,0.8321308585788794,1.3877787807814457e-17,-0.38305936002143587,1.1211483796129023,1.1211483796129023,31.336095228258454,30.503964369679576,3.6032807548515684e-08,True,7.261004584110177e-17
random_cp,6,31,0.3888849164313838,-2.7755575615628914e-17,-0.34164441727139505,0.9003511114940171,0.9003511114940171,24.960666841192147,24.571781924760764,2.9160399848448888e-08,True,7.209672960846883e-17
random_cp,6,32,1.3654227564693362,-1.3877787807814457e-17,-0.3580547134141712,1.0822894736098105,1.0822894736098105,30.320355927809285,28.95493317133995,3.471701248877934e-08,True,7.266934437941664e-17
random_cp,6,33,0.993028133963225,-5.551115123125783e-17,-0.3578251887770102,0.9728156179207761,0.9728156179207761,27.03751740496122,26.044489270997996,3.1431419670285345e-08,True,7.441963637793222e-17
random_cp,6,34,0.9949146874842975,-2.7755575615628914e-17,-0.2704121974389949,0.9408934983793191,0.9408934983793191,26.604331766745606,25.60941707926131,2.994927813601354e-08,True,7.76648037502196e-17
random_cp,6,35,1.1019442577413654,0.0,-0.36244054953309846,0.9784285856293589,0.9784285856293589,27.178214271682172,26.076270013940807,3.162750086607936e-08,True,7.134410091499352e-17
random_cp,6,36,1.1620220830713135,-2.7755575615628914e-17,-0.28737089040332514,0.8890869780241423,0.8890869780241423,24.948383998304315,23.786361915233,2.8496834683144222e-08,True,7.38493455629988e-17
random_cp,6,37,0.9754437474690171,-6.938893903907228e-18,-0.3729262424379955,0.9841534034596899,0.9841534034596899,27.287044649162727,26.31160090169371,3.186215955841867e-08,True,7.337907208772495e-17
random_cp,6,38,1.3831114940390836,5.551115123125783e-17,-0.34547421307820214,0.9435733091402209,0.9435733091402209,26.23435399573741,24.851242501698326,3.048004455267584e-08,True,7.423149364184057e-17
random_cp,6,39,0.3197052078973427,-2.7755575615628914e-17,-0.3949655699352035,1.0113731325287487,1.0113731325287487,27.97140055625124,27.651695348353897,3.281098739547368e-08,True,7.406256999159011e-17
