family,d,sample,trace,trace_imaginary,minimum_real,maximum_real,spectral_radius,rhs,slack,tolerance,holds_within_tolerance,hp_residual,generator_tp_residual,exp_0_2_choi_min
random_tilted_cp_generator,2,0,-3.958602020708443,0.0,-1.7436074973373368,0.7597007010333081,2.039048508132461,-1.9678135926080573,1.9907884281003856,5.1066163967412905e-09,True,7.297824430104109e-17,1.2219148939256752,0.013563234697223123
random_tilted_cp_generator,2,1,-2.4540965735068307,0.0,-0.8144212430101669,-0.20250607484781094,1.2827637136895813,-2.0338546357159557,0.42024193779087504,2.554096573506831e-09,True,1.9846352638049033e-17,0.22650231352680253,0.01169769666035324
random_tilted_cp_generator,2,2,-3.947188712213064,0.0,-1.576876282801956,-0.002600395754793144,1.7633913353459498,-3.1589533571134982,0.788235355099566,4.047188712213065e-09,True,4.9852381748249036e-17,0.2307226122520374,0.013708228951864418
random_tilted_cp_generator,2,3,-1.9095669725700026,0.0,-0.6776209499164597,0.07531976436281788,1.2702069961814078,-1.2046023711072837,0.7049646014627189,2.0095669725700027e-09,True,5.531658495829247e-18,0.10249379769563105,0.005451603909381931
random_tilted_cp_generator,2,4,-4.912640444735942,0.0,-3.956669656071049,1.6361772368748109,3.956669656071049,-4.640984838392476,0.2716556063434661,1.1285693785891718e-08,True,6.195717643778558e-17,1.7218099076668971,0.029382794356800208
random_tilted_cp_generator,2,5,-2.0231989563897654,0.0,-0.583481408810665,-0.29055515964645884,3.0314969973363475,-1.7480731369142477,0.27512581947551773,2.1231989563897654e-09,True,1.811884293012796e-17,0.37882506114464864,0.0027942851826715997
random_tilted_cp_generator,2,6,-2.6594642156824637,0.0,-1.1024968761828284,0.5519291584766994,2.032709621330556,-1.101135435412258,1.5583287802702057,3.408852069319056e-09,True,1.6059338974964923e-17,0.6979563761159385,0.017231047926870847
random_tilted_cp_generator,2,7,-1.9010393329702167,2.220446049250313e-16,-0.8215057863211324,0.048612706017844114,1.8378854107152771,-1.5457861606065766,0.35525317236364007,2.001039332970217e-09,True,1.1179974418048192e-16,0.12111363461953706,0.0076686077771488
random_tilted_cp_generator,2,8,-4.6584176564418005,0.0,-1.6421233904419914,-0.4038030482688628,2.3551494920631577,-4.091852877421708,0.5665647790200925,4.758417656441801e-09,True,1.1787027104541671e-17,0.42962259488071014,0.01232038212834406
random_tilted_cp_generator,2,9,-1.865995206515426,0.0,-0.9120854946433965,0.20692805813833007,1.1290374798356442,-1.410314873010133,0.455680333505293,2.3380271055634534e-09,True,9.519923745126037e-17,0.282503752051861,0.009222512178424132
random_tilted_cp_generator,2,10,-4.838441848924035,0.0,-1.5251753028669626,-0.4606749195335042,2.4760072068381507,-3.9717004448009336,0.866741404123101,4.938441848924035e-09,True,5.295295472538729e-18,0.5703122745289889,0.011601216568980941
random_tilted_cp_generator,2,11,-1.1727154522628116,0.0,-0.7554658608538842,0.3709588713985711,3.144056017528993,-0.7690139789106263,0.4037014733521853,2.3528494645049107e-09,True,3.545293040321803e-17,0.3531942418993397,0.005639204775323589
random_tilted_cp_generator,2,12,-2.093880431707833,-1.0408340855860843e-17,-1.0729017954236488,0.12140303447200416,2.5226485739300832,-1.9029975219032893,0.1908829098045437,2.488609659791306e-09,True,7.863166774311453e-18,0.18971816037281003,0.005450950716151846
random_tilted_cp_generator,2,13,-2.2081684447456227,0.0,-1.0517770764770866,0.10319216214814976,2.9954641844991063,-1.8971698286578738,0.3109986160877489,2.409938477250473e-09,True,3.20872263948893e-18,0.1700156733672567,0.00259042735280793
random_tilted_cp_generator,2,14,-6.192075128155258,0.0,-2.71163147276459,0.2512907156844172,2.71163147276459,-4.9206815141603455,1.2713936139949125,6.292075128155259e-09,True,1.3578297268961238e-17,1.1838618413141924,0.013468027917344779
random_tilted_cp_generator,2,15,-2.814683440612713,-1.3877787807814457e-17,-1.999895171833315,1.3818157311406807,2.753326287012263,-1.2361588813852689,1.5785245592274442,6.863421805947992e-09,True,5.888826919634068e-17,1.8491121978547482,0.03806423173644396
random_tilted_cp_generator,2,16,-1.5823936912046705,0.0,-0.796585029634075,0.17211638525416972,1.334257099220232,-1.2489372887598105,0.3334564024448601,2.0374028297764896e-09,True,3.681616628336115e-17,0.26789785724719517,0.009851744911915596
random_tilted_cp_generator,2,17,-3.4318268462300368,0.0,-1.2600190734803816,0.11716089215531841,2.8810804080827173,-2.2857163626501262,1.1461104835799105,3.531826846230037e-09,True,3.595131478549523e-17,0.13599110799133723,0.011474722768140296
random_tilted_cp_generator,2,18,-2.7836828112145455,0.0,-0.9672151894574716,0.0406807503644529,2.139243001162364,-1.8530688781860376,0.9306139330285079,2.8836828112145456e-09,True,1.5285268791711753e-17,0.1724216808145679,0.013051307186106822
random_tilted_cp_generator,2,19,-3.347756961467621,0.0,-1.85523792932608,0.5241965598246812,2.4730950602740185,-2.6620827390027975,0.6856742224648236,4.8588689783015225e-09,True,1.927383265265748e-17,0.7224863073713137,0.01064608786054961
random_tilted_cp_generator,2,20,-1.777569780612995,-1.3877787807814457e-17,-0.6117613314957456,-0.07397116350592495,2.2515897875373816,-1.371464990003341,0.406104790609654,1.877569780612995e-09,True,8.483488532928476e-18,0.11705783347363566,0.004279954326302152
random_tilted_cp_generator,2,21,-2.638359672157769,1.3877787807814457e-17,-0.970647412307744,0.08552252010412711,2.4687929616209567,-1.7702497844072338,0.8681098877505351,2.7383596721577693e-09,True,8.50504183392453e-18,0.10260714206575151,0.02102613523008022
random_tilted_cp_generator,2,22,-5.4105901983347,0.0,-1.877444006778288,-0.46134003045984906,2.1680022152069363,-4.677568074476274,0.7330221238584258,5.5105901983347e-09,True,2.3522169706797928e-17,0.6723064782026094,0.01062442316904469
random_tilted_cp_generator,2,23,-3.238868894468359,0.0,-1.6342730986815452,1.018415996756623,2.296736959928456,-1.2317142038498443,2.0071546906185147,5.405378190876337e-09,True,3.6297141324179244e-17,1.1931061104960714,0.06980364888435099
random_tilted_cp_generator,2,24,-2.146472674686447,0.0,-0.8558613822626295,0.3409890456008894,2.068391617264193,-1.0297446733234803,1.1167280013629666,2.493700855727038e-09,True,1.4026822114620453e-17,0.33675913187289186,0.017971022407972426
random_tilted_cp_generator,2,25,-2.594048476772296,0.0,-1.10344342692615,0.1798307353590309,1.9266248730801616,-1.847225383134238,0.7468230936380582,2.6940484767722967e-09,True,2.1033586428152638e-17,0.5400810511702443,0.018838096031306505
random_tilted_cp_generator,2,26,-2.302681873313949,5.551115123125783e-17,-0.9484531905047465,0.3674380278971684,1.88707982420049,-1.1620303252151563,1.1406515480987927,2.73178243680383e-09,True,2.974822044869857e-17,0.43655026624717036,0.02544394112469427
random_tilted_cp_generator,2,27,-0.1333577683111693,0.0,-0.4080190681888385,0.8058856707738034,2.343465834986525,0.7957332051699297,0.929090973481099,2.5278094779252837e-09,True,2.3147578129570407e-17,0.9208766943576039,0.0033061928459176305
random_tilted_cp_generator,2,28,-2.3816565688800635,-6.938893903907228e-18,-0.7887058443560759,-0.12950317016747617,1.2292685376680608,-1.8364180290471042,0.5452385398329593,2.4816565688800637e-09,True,9.212048888485364e-18,0.15218248771899232,0.012230882087688917
random_tilted_cp_generator,2,29,-1.398939359333251,0.0,-0.4903078970463984,-0.08543622452282307,2.2815683116667445,-1.1514882431384428,0.2474511161948083,1.4989393593332513e-09,True,3.882813761800478e-18,0.12485332706540246,0.010226964882001043
random_tilted_cp_generator,2,30,-4.006424791340023,0.0,-1.8224466516519087,0.26653162420419524,2.232676325452637,-3.1118300548954267,0.8945947364445961,4.277956551712208e-09,True,8.055879181979954e-17,0.31176978547797535,0.01639078990291582
random_tilted_cp_generator,2,31,-2.471335366868931,1.0408340855860843e-17,-1.0778187110803419,0.24775716353530278,1.671775531272767,-1.6601230950900783,0.8112122717788528,2.7511517492312896e-09,True,8.460683363049143e-18,0.4233567996553045,0.022719210083859298
random_tilted_cp_generator,2,32,-4.367167353903371,0.0,-1.4325284197656725,-0.4211112057635292,1.9899663658736721,-3.707279251058403,0.6598881028449677,4.467167353903371e-09,True,2.495074855551589e-17,0.6578560706833867,0.0033556965514455845
random_tilted_cp_generator,2,33,-3.6802576421569166,0.0,-1.5350964974177919,0.10286746570639053,2.1744129562807726,-2.8644580634228025,0.8157995787341141,3.780257642156917e-09,True,1.3483274596882549e-17,0.2915163618259345,0.011148996900704524
random_tilted_cp_generator,2,34,-2.0856739502061274,0.0,-0.7889789342160903,-0.15565599789610046,1.0103171294997346,-1.8892698642243815,0.19640408598174597,2.1856739502061276e-09,True,7.17074650118503e-18,0.28646432336497496,0.0035491802082865055
random_tilted_cp_generator,2,35,-2.5384931583193207,0.0,-0.7869581889483743,-0.21924042133604166,1.5945246864450013,-2.012397220568832,0.5260959377504886,2.638493158319321e-09,True,2.0408823670492987e-17,0.19607164067744065,0.01662702901502832
random_tilted_cp_generator,2,36,-2.8711504384328568,0.0,-0.8813882288712277,-0.4045995503063482,1.2637667649729485,-2.5719755583551516,0.2991748800777052,2.971150438432857e-09,True,4.0567269240510566e-17,0.43839556723254913,0.006394255976183363
random_tilted_cp_generator,2,37,-1.7405429194604207,0.0,-0.8728027646626962,0.41862054943667315,1.2349248081812636,-0.9083644304520462,0.8321784890083745,2.682846628198739e-09,True,8.049852292461627e-17,0.5415550908277826,0.009131840373519324
random_tilted_cp_generator,2,38,-3.0598123615630675,0.0,-0.975416316714337,-0.2144842253458701,1.5889768371813138,-2.3798010841204142,0.6800112774426532,3.1598123615630676e-09,True,6.27549679923702e-18,0.320468937450777,0.003085059656541587
random_tilted_cp_generator,2,39,-5.80212178386439,2.220446049250313e-16,-2.6455878162865094,0.5488748405226405,2.6741939753679747,-4.193425951527738,1.608695832336652,6.4889253136183e-09,True,9.499189451302032e-17,0.6891048974646873,0.022975408493435243
random_tilted_cp_generator,3,0,-6.843127166563336,1.044768758495215e-19,-0.9055252834429571,-0.05021442108281216,2.6219468122569722,-3.0178623768257444,3.825264789737592,6.943127166563337e-09,True,1.3563043186382745e-17,0.19877641846285393,0.0011860936025608116
random_tilted_cp_generator,3,1,-9.711968023921614,1.8221936586453287e-18,-1.477569482926305,-0.3486372362167666,2.8555891674647462,-6.524531866079515,3.1874361578420984,9.811968023921613e-09,True,1.0274949832842842e-17,0.5955443929969229,0.0006304187641805903
random_tilted_cp_generator,3,2,-8.07965161551487,-2.6452374435585197e-20,-1.378788267809701,0.23380629146384715,2.149176553113841,-2.73352705464602,5.34612456086885,8.179651615514868e-09,True,9.314317323099637e-18,0.34704199235930233,0.002288022421052715
random_tilted_cp_generator,3,3,-8.563879608574679,-3.596207460859418e-18,-1.2679221544221702,-0.12461441143533042,3.019951140535561,-4.551452931878493,4.012426676696186,8.663879608574679e-09,True,8.370687018757518e-18,0.3128303356873392,0.0015242358672683622
random_tilted_cp_generator,3,4,-10.238531735741766,-5.629631996393592e-19,-1.373530848023456,-0.4211602544339243,2.7541320728969128,-6.647554070673913,3.590977665067853,1.0338531735741767e-08,True,1.0109132988017892e-17,0.48702570798647365,0.0009488869964326664
random_tilted_cp_generator,3,5,-13.112063991782483,8.93268080646955e-18,-2.171301995160243,-0.139820152062498,2.6511256668352647,-7.352826897855716,5.7592370939267665,1.3212063991782483e-08,True,3.083672427555565e-17,0.520205786568205,0.003523085728245277
random_tilted_cp_generator,3,6,-9.476450521072072,4.361246513971815e-17,-1.571623939590881,0.06522180694382962,2.245155693155906,-4.323540977109666,5.152909543962407,9.576450521072073e-09,True,1.9476035367792426e-17,0.16504411295616234,0.002097977553801618
random_tilted_cp_generator,3,7,-9.13288021657745,4.482170469850588e-18,-1.5285619977706406,0.4216187700299247,2.506116897872288,-2.0559733731323733,7.076906843445077,9.23288021657745e-09,True,4.8600230437617326e-17,1.0646053664355315,0.0029998434992050457
random_tilted_cp_generator,3,8,-7.934224296254003,-2.9100699831163282e-18,-1.724043453998751,0.0646677887172418,1.724043453998751,-4.784123629692802,3.150100666561201,8.034224296254003e-09,True,2.6182408680806525e-17,0.20175607373553647,0.0023632381957842297
random_tilted_cp_generator,3,9,-9.31612181912544,-4.904768383332846e-18,-1.7173445689288405,-0.044365888942359204,1.853213865609206,-5.418229040440677,3.8978927786847635,9.41612181912544e-09,True,4.2945782128160806e-17,0.3896937748576115,0.00306005612175538
random_tilted_cp_generator,3,10,-7.960789536071879,-2.171145135753632e-18,-1.164802747104861,-0.1360963304520333,1.9882112875811724,-4.310986224026783,3.649803312045096,8.060789536071878e-09,True,2.5032509022628318e-17,0.19376057206986247,0.0016936746036351716
random_tilted_cp_generator,3,11,-7.115063729657784,5.318952898771659e-18,-1.0071937808981017,0.1007820691409545,1.9851438282279577,-2.416888927848578,4.6981748018092055,7.215063729657785e-09,True,2.2866724257543366e-17,0.16316210938685485,0.0014396004727618176
random_tilted_cp_generator,3,12,-6.531277299309993,-1.2311480962577652e-18,-1.9802416550186406,0.8129189146898524,2.370983152879652,-1.0632114769168073,5.468065822393186,1.0918238453195036e-08,True,3.0342476977291866e-17,0.9283349014253087,0.005878150255470702
random_tilted_cp_generator,3,13,-7.831851865634148,2.083843973865876e-18,-1.1538187001414584,-0.4277242400293452,2.0198206535258723,-6.027801540600446,1.8040503250337014,7.931851865634148e-09,True,6.902326435043766e-18,0.5239047771544745,0.00036158469420831613
random_tilted_cp_generator,3,14,-9.25180162054245,-2.6777698579545166e-18,-1.3890057082921667,-0.10053187983254025,3.811380373834074,-4.770208403871742,4.481593216670708,9.35180162054245e-09,True,4.278995574340604e-17,0.301259963893346,0.0019162331841602366
random_tilted_cp_generator,3,15,-7.054075657672031,5.332254507603504e-19,-1.1747417745782185,0.2610975814880253,2.72594209321796,-1.9576398348065036,5.096435822865527,7.1540756576720316e-09,True,3.0367596304409785e-17,0.29365033374014005,0.0035328273755050087
random_tilted_cp_generator,3,16,-6.314926112660959,2.9581146508543627e-18,-1.1899124103004701,0.0943153105558759,2.7422411882018594,-3.003845367566155,3.3110807450948037,6.414926112660959e-09,True,2.223527296338884e-17,0.2240516017637123,0.0010020395153549654
random_tilted_cp_generator,3,17,-6.986309999202112,-6.518003208018536e-18,-1.6361568283905736,0.7016002319151784,1.7916371912841156,-0.698869093680651,6.287440905521461,9.218071876662791e-09,True,3.915497078635154e-17,0.8026869302305861,0.0043009189635797125
random_tilted_cp_generator,3,18,-5.555590438744559,-1.0125895987235075e-16,-1.1603260446282024,0.6985544694034592,2.1187728628822797,0.7103486825361478,6.265939121280708,7.772304950305362e-09,True,4.645891646187797e-17,0.7461424460898795,0.002804052921973122
random_tilted_cp_generator,3,19,-7.535435902954005,-2.1098831363028688e-19,-0.9777883799818677,-0.46603155617308517,2.9664122076380735,-5.729554476984115,1.8058814259698899,7.635435902954004e-09,True,5.677633390302362e-17,0.527103191819762,0.0002250364947184665
random_tilted_cp_generator,3,20,-5.664982008798846,-8.525211166155222e-19,-0.8058309070962882,-0.10271188341062255,2.789272767850192,-3.0337640217526003,2.631217987046246,5.764982008798847e-09,True,1.7372839791191267e-17,0.21189110226477703,0.0007795791447575661
random_tilted_cp_generator,3,21,-8.238331705152502,-2.0433121439061288e-18,-1.2546376666959864,-0.311561207537023,1.8259139031627367,-5.633280245310098,2.6050514598424046,8.338331705152501e-09,True,2.3592640193339917e-17,0.5113763659348571,0.000687422512177408
random_tilted_cp_generator,3,22,-7.419882201743165,2.253031663900059e-16,-1.351407539640395,1.1894981326381309,2.5479119067462266,3.082766176907599,10.502648378650765,1.129121141474997e-08,True,7.930073312892467e-17,1.390834597687789,0.01053482596913064
random_tilted_cp_generator,3,23,-8.72585601818847,-2.270856631154476e-16,-1.3790140689537111,0.2194875162843435,1.7323784443985342,-2.8201171091550727,5.905738909033397,8.825856018188469e-09,True,8.002657651420531e-17,0.4511386683403355,0.00275504692214368
random_tilted_cp_generator,3,24,-8.732740916773416,2.6757273493870654e-17,-1.8500281852932616,0.9088793733157703,2.7760156289283024,-0.09680831598516271,8.635932600788253,1.1103360795774407e-08,True,4.71678680891488e-17,1.2930954404085337,0.006249253701838536
random_tilted_cp_generator,3,25,-7.033383900698018,1.8958637270881122e-19,-1.0505567849916018,-0.16861245447197154,1.6461362656796321,-4.163345081806634,2.870038818891384,7.133383900698019e-09,True,2.40274346255651e-17,0.2459357287977082,0.000860520306969018
random_tilted_cp_generator,3,26,-9.014764808560138,-2.9114078161073888e-18,-1.2822707148960695,-0.41908037734281095,3.332937957507213,-6.361294408745074,2.6534703998150633,9.114764808560137e-09,True,1.3093368594045181e-17,0.491190200397394,0.0008848438106050364
random_tilted_cp_generator,3,27,-10.38833179432427,-7.786483594940825e-18,-2.522296067856226,0.6054970912901165,2.522296067856226,-3.933905655827978,6.4544261384962915,1.1299870751309377e-08,True,6.321558859389034e-17,1.353170320074242,0.00167951874165698
random_tilted_cp_generator,3,28,-7.223784959122287,2.4666670765895755e-18,-1.1416435117898,-0.13805242194946585,4.395705637275199,-4.253245067066195,2.9705398920560917,7.323784959122287e-09,True,8.42173850213286e-18,0.3096496964329767,0.001077487810933042
random_tilted_cp_generator,3,29,-7.231410501387461,5.4894436246314534e-17,-1.322375274586099,0.6306691533399045,1.706009691196267,-0.1831109037188705,7.04829959766859,7.851140743797723e-09,True,3.619361806504849e-17,0.8749797080072493,0.005784903312584231
random_tilted_cp_generator,3,30,-6.749381872613055,-1.7285111097669268e-20,-1.1036384459295994,-0.18942825529435578,1.786961525757033,-4.447484869554933,2.301897003058122,6.849381872613056e-09,True,4.004482915275631e-17,0.2479393489161122,0.0004015541938308493
random_tilted_cp_generator,3,31,-10.364691395186277,2.54099993684832e-18,-1.9299788032644236,0.264451137961124,2.757513356566865,-4.203229582026527,6.16146181315975,1.0464691395186278e-08,True,2.1011569713154012e-17,0.5527092044547105,0.005446638352016366
random_tilted_cp_generator,3,32,-6.30257803957543,1.679738807674376e-18,-1.1031900650355861,0.13350698849763226,2.557626880555536,-2.5085282641209647,3.794049775454465,6.40257803957543e-09,True,2.1253787079270748e-17,0.23633094465554325,0.0019589376321082967
random_tilted_cp_generator,3,33,-8.88457424893616,1.2293799375648288e-16,-1.4644816328775507,0.5153886417067429,2.321710899753076,-1.301113048392195,7.583461200543964,8.98457424893616e-09,True,5.781882599424186e-17,0.6283442169182052,0.003687098880418067
random_tilted_cp_generator,3,34,-6.667423729557308,1.1484553722563503e-19,-1.2248817643417518,0.18716809945143784,2.2652254148647666,-2.5516366963166286,4.11578703324068,6.767423729557309e-09,True,3.879023551547313e-17,0.38446237394760713,0.0009574356503035562
random_tilted_cp_generator,3,35,-8.954205378666984,-5.025140481327912e-18,-1.765647780819448,0.3267694376642317,2.164177615741995,-3.3363267164729535,5.61787866219403,9.054205378666984e-09,True,3.025226047275636e-17,0.8173463903295967,0.0027305554428229384
random_tilted_cp_generator,3,36,-5.7327568808225955,2.4735931329899124e-18,-1.174162150115352,0.31224534486544614,1.8440996793216775,-1.6490143811533793,4.083742499669216,5.832756880822596e-09,True,3.88729244196905e-17,0.49442961976626265,0.002090955831960095
random_tilted_cp_generator,3,37,-10.504634807304688,5.0164104079568105e-18,-1.9982760219598006,-0.014880074632001195,2.3543128582017774,-6.084108513671409,4.420526293633279,1.0604634807304689e-08,True,2.4749138281795552e-17,0.1335051290617518,0.001920297761967085
random_tilted_cp_generator,3,38,-7.678452866789068,-1.9099804507750997e-18,-1.1122007133468623,-0.2563937559592696,2.8731529022157134,-4.874964675796205,2.803488190992863,7.778452866789068e-09,True,1.2375437321310576e-17,0.37693412954338334,0.00036422931329406873
random_tilted_cp_generator,3,39,-7.066904023723214,-2.2423425819141378e-18,-1.2172853410801883,-0.006639527625298689,2.4212984268890105,-3.6916931889923568,3.375210834730857,7.166904023723214e-09,True,1.9794266059535503e-17,0.16980871330563763,0.0012861493588127329
random_tilted_cp_generator,4,0,-17.32730822830518,0.0,-1.4070466082358644,-0.03136064918190596,2.3130559718634727,-6.004514223126329,11.322794005178853,1.7427308228305184e-08,True,3.17210075331015e-17,0.24632975254572573,0.0007179254889356395
random_tilted_cp_generator,4,1,-17.299424651827934,4.440892098500626e-16,-1.7822176430201884,0.42717802881135003,2.5797959029053645,-2.002734226344553,15.29669042548338,1.7399424651827937e-08,True,3.4194849166310696e-17,0.6856341434167381,0.0013621446057865327
random_tilted_cp_generator,4,2,-12.31027625261564,-4.440892098500626e-16,-1.0283094102145156,0.030147515266839692,2.3966512594035874,-3.751467457655986,8.558808794959655,1.241027625261564e-08,True,1.6151221968911197e-17,0.305059078712634,0.0005895799545374613
random_tilted_cp_generator,4,3,-13.473472599360683,-4.440892098500626e-16,-1.159768266561443,0.12098232926382142,2.891218291594693,-3.187285115079915,10.286187484280768,1.3573472599360682e-08,True,2.4578377815693087e-17,0.3862652050088472,0.0005791549481053903
random_tilted_cp_generator,4,4,-12.701308475687881,0.0,-1.1842945173450274,0.29297301368734635,2.887272662197112,-1.2215019051319533,11.479806570555928,1.280130847568788e-08,True,4.1875532641694535e-17,0.43001303663024465,0.0007303912340152068
random_tilted_cp_generator,4,5,-11.486145558132538,-4.440892098500626e-16,-0.9421395331743306,0.015324121082848094,2.5925663662148715,-3.5846686797031455,7.901476878429392,1.1586145558132538e-08,True,2.9745894929986575e-17,0.2202913352132454,0.0003287523971700284
random_tilted_cp_generator,4,6,-16.428166626637122,4.440892098500626e-16,-1.3005396185638227,-0.09457581410409283,3.1440977322263235,-6.337068243504405,10.091098383132717,1.6528166626637123e-08,True,2.1259455635924434e-17,0.3173495170384548,0.0005956976654922135
random_tilted_cp_generator,4,7,-14.987977221020278,0.0,-1.3814937828694802,0.17930623522596886,2.4884476913362596,-3.3743003087662946,11.613676912253984,1.508797722102028e-08,True,3.1904659540006803e-17,0.27526902815910265,0.0013444133941011235
random_tilted_cp_generator,4,8,-14.906267466409908,-2.220446049250313e-16,-1.9020995478449099,0.4628535343746539,3.3251405115161083,-2.0541557788837927,12.852111687526115,1.500626746640991e-08,True,2.663021100054082e-17,0.6365549173381589,0.0019446777575458471
random_tilted_cp_generator,4,9,-13.403456955473025,0.0,-1.3495172997008913,0.09823215674431532,2.451218217991336,-4.219283317871781,9.184173637601244,1.3503456955473025e-08,True,2.817626360052687e-17,0.1809294589396614,0.0008010258422402695
random_tilted_cp_generator,4,10,-13.68019950251319,-2.220446049250313e-16,-1.2152973694327693,0.27884525960789774,3.8060922317923644,-1.5150463624363044,12.165153140076885,1.378019950251319e-08,True,4.251178414541271e-17,0.4123127420999654,0.0014848073154522545
random_tilted_cp_generator,4,11,-13.488233065271974,-2.220446049250313e-16,-1.354475805723708,0.4875900397120623,1.8773165101279272,0.433177253649915,13.92141031892189,1.3588233065271974e-08,True,3.592810425468758e-17,0.6040401796881059,0.0011933111172197212
random_tilted_cp_generator,4,12,-16.846375438197363,-2.220446049250313e-16,-1.4876376536818037,-0.0759615189237525,2.858803386521494,-6.862088841812245,9.984286596385118,1.6946375438197363e-08,True,1.9020646934220102e-17,0.12361726864279483,0.0006770450563591584
random_tilted_cp_generator,4,13,-14.930859774376025,2.220446049250313e-16,-1.376378774663861,0.17525028590223365,2.504180385555819,-3.40251166782864,11.528348106547384,1.5030859774376025e-08,True,3.6500474052085035e-17,0.29508075811147316,0.0008588684869719551
random_tilted_cp_generator,4,14,-19.869429854364636,-2.220446049250313e-16,-1.5446146412327617,-0.5145660408595186,2.6745558777280967,-12.35325105524527,7.516178799119366,1.996942985436464e-08,True,1.9317784075642472e-17,0.5774346489698233,0.0003650141734199944
random_tilted_cp_generator,4,15,-15.96768893564412,0.0,-1.357878786716285,0.3955264329738856,2.790836794179416,-0.6851979511785125,15.282490984465607,1.6067688935644123e-08,True,3.9717573540779994e-17,0.49836553184146654,0.002899966217150244
random_tilted_cp_generator,4,16,-13.948527505437962,-2.220446049250313e-16,-1.6826614425381345,0.3274872401105257,2.163804469343309,-2.80079888882623,11.147728616611733,1.4048527505437962e-08,True,3.3474303424642806e-17,0.52146481538708,0.0008516221704914531
random_tilted_cp_generator,4,17,-14.059406458589246,0.0,-1.1158801430715306,-0.09025229650847923,2.8653541027782277,-5.546548130387873,8.512858328201371,1.4159406458589246e-08,True,2.184725838961188e-17,0.19870583887773868,0.0005577325161285667
random_tilted_cp_generator,4,18,-14.972497533351607,0.0,-1.475535983294142,0.19930069037276818,2.805588429492991,-3.5105356487033497,11.461961884648257,1.507249753335161e-08,True,2.5137553567845358e-17,0.3750017518524557,0.0013087109052119872
random_tilted_cp_generator,4,19,-16.52221432904816,1.1102230246251565e-16,-1.3486959086418402,0.21135775005630608,2.763068817102176,-2.858490633891688,13.663723695156474,1.6622214329048163e-08,True,2.4206192202724915e-17,0.34932811376807543,0.0015133065254824992
random_tilted_cp_generator,4,20,-16.236757536877505,-8.881784197001252e-16,-1.597784766579851,0.24328747748303875,3.7868455396250176,-3.471689336522939,12.765068200354566,1.6336757536877508e-08,True,1.7563019885807775e-17,0.36784379586734356,0.001709816559094043
random_tilted_cp_generator,4,21,-12.9141334415209,-1.1102230246251565e-16,-1.2085459660355058,0.019909070815241636,2.5595065540251,-4.595275014359124,8.318858427161775,1.30141334415209e-08,True,2.955022006169383e-17,0.290335824274067,0.0003735165810464975
random_tilted_cp_generator,4,22,-16.09421405930151,0.0,-1.4787244763346061,0.2975376035175974,2.302076256615244,-2.344446663127256,13.749767396174255,1.6194214059301513e-08,True,3.37761690309644e-17,0.38866008547553244,0.0009262183987629835
random_tilted_cp_generator,4,23,-13.593111817799631,6.661338147750939e-16,-1.3508411766634505,0.08388294062731146,2.4443941129337547,-4.3967694191260644,9.196342398673567,1.3693111817799631e-08,True,3.2374407010264e-17,0.3879685665467156,0.0006949402183712503
random_tilted_cp_generator,4,24,-11.056571974926213,-1.1102230246251565e-16,-0.9086867673041639,0.5395007128781675,2.4120274555816064,2.8392614853213543,13.895833460247566,1.1156571974926213e-08,True,2.905248421536016e-17,0.6110934884096875,0.0011770027314645846
random_tilted_cp_generator,4,25,-14.805435900644046,-4.440892098500626e-16,-1.6497594247129328,-0.11799650970118272,2.285286038907209,-8.014995815265923,6.790440085378123,1.4905435900644048e-08,True,2.3736867712393858e-17,0.18682789422520024,0.00033261177533900325
random_tilted_cp_generator,4,26,-16.982634264872733,1.1102230246251565e-16,-1.5272425809562038,0.05363396945983395,2.4647728667121784,-5.465362690306808,11.517271574565925,1.7082634264872735e-08,True,5.323179172041774e-17,0.29336172682670686,0.000549820591901133
random_tilted_cp_generator,4,27,-15.295899786783608,0.0,-1.47682110682609,0.49891752200413236,2.8358072633778875,0.07972583674522848,15.375625623528837,1.5395899786783608e-08,True,4.0361488911451405e-17,0.6232376537199785,0.0017871630016112327
random_tilted_cp_generator,4,28,-13.698059522447585,2.220446049250313e-16,-1.160154269060624,0.04251215986079614,2.5275051884834188,-4.130471157912942,9.567588364534643,1.3798059522447585e-08,True,4.250357701376297e-17,0.21494306520768655,0.000569582330251218
random_tilted_cp_generator,4,29,-14.605394026004994,2.220446049250313e-16,-1.5378834380050266,0.12858643892721575,2.6437980469625217,-4.608496484893518,9.996897541111476,1.4705394026004995e-08,True,2.967187632195807e-17,0.3240366052170275,0.00047225075992987154
random_tilted_cp_generator,4,30,-17.682966590540723,0.0,-1.473711018425629,-0.024805497488854966,3.1452382776772048,-6.192510043568776,11.490456546971947,1.7782966590540724e-08,True,3.2098367121719285e-17,0.10934064732303576,0.000686110267865076
random_tilted_cp_generator,4,31,-12.619191389260079,1.1102230246251565e-16,-1.298765798123552,0.25374100167891733,2.3159892717729327,-2.1501711723472003,10.46902021691288,1.271919138926008e-08,True,3.647559136060534e-17,0.32872805679565387,0.00056057187892339
random_tilted_cp_generator,4,32,-16.576276164568917,0.0,-1.7610368478947387,0.6909235899393956,2.5580146911319077,1.2469356876937923,17.82321185226271,1.6676276164568918e-08,True,4.6408666413172555e-17,0.8222163755104246,0.003963428477681437
random_tilted_cp_generator,4,33,-15.453233352361256,1.1102230246251565e-16,-1.2808678059274141,-0.05959001723749511,2.710962489748918,-5.838551430559598,9.614681921801658,1.5553233352361258e-08,True,1.3584177264822044e-17,0.23303505849897088,0.0006961972261101967
random_tilted_cp_generator,4,34,-15.370178327381932,0.0,-1.3539567568028137,-0.010004351500852805,2.1804373328559112,-5.535879245221488,9.834299082160445,1.5470178327381933e-08,True,2.6274099960127415e-17,0.3343018007694481,0.0005885244195644725
random_tilted_cp_generator,4,35,-16.633988081321455,5.551115123125783e-17,-1.3009301358755632,-0.30611169202230065,2.2447999767974958,-8.877060847769862,7.756927233551593,1.673398808132146e-08,True,1.2376237682466992e-17,0.36450583598053016,0.00032886295780707017
random_tilted_cp_generator,4,36,-14.949941594945038,0.0,-1.2458584132602046,-0.1452435337720005,2.8226671133269288,-6.726356058304825,8.223585536640213,1.504994159494504e-08,True,2.042886025022445e-17,0.232056732974718,0.0003690275315002024
random_tilted_cp_generator,4,37,-13.299679234622843,0.0,-1.0801052430848677,-0.16638315214594881,2.830706104300558,-6.3170187980908565,6.982660436531987,1.3399679234622843e-08,True,1.2828499116064524e-17,0.2218133050270971,0.0004071701042941055
random_tilted_cp_generator,4,38,-17.650208316168065,0.0,-1.8660667954963595,0.4789835720708922,2.85719856664385,-1.7164643171347311,15.933743999033334,1.7750208316168068e-08,True,4.6792698143515625e-17,0.6680593410594389,0.0013533549976608053
random_tilted_cp_generator,4,39,-11.647936334494842,8.881784197001252e-16,-1.2349962468105473,0.06624153829055175,2.831240467530082,-4.145086527755568,7.502849806739274,1.1747936334494843e-08,True,2.2970985136740827e-17,0.13375502312468446,0.0004882713766917234
random_tilted_cp_generator,5,0,-21.165792323261545,5.632118374500884e-17,-1.2483328174827422,0.2534536118845207,2.273656305077741,-1.1725918497232968,19.99320047353825,2.1265792323261548e-08,True,2.8845922922608636e-17,0.33500463451327256,0.0005895940578857857
random_tilted_cp_generator,5,1,-24.325748858294464,-1.4920090676455935e-16,-1.3325469065914222,0.35220208411372633,3.1978734534662556,0.3813071493174158,24.70705600761188,2.4425748858294468e-08,True,3.322307834952692e-17,0.5154724501925028,0.0008107287510061261
random_tilted_cp_generator,5,2,-21.96780867996651,9.991490157106132e-19,-1.1710508022937032,0.26630897076883653,3.139968545720603,-0.5290745960917853,21.438734083874724,2.2067808679966512e-08,True,3.269508551544067e-17,0.3009799720250519,0.0008077381345526726
random_tilted_cp_generator,5,3,-24.64110796399706,1.0958528637890882e-16,-1.403306833550886,0.3728813298434984,3.0618128027406737,0.44109242911553803,25.0822003931126,2.4741107963997064e-08,True,2.8429135857584984e-17,0.4494832072117553,0.0007048505439949917
random_tilted_cp_generator,5,4,-21.580975295918435,-1.0660297565554455e-16,-1.4484178308267779,0.8869824178102395,2.925770487266973,10.4975592020709,32.07853449798934,2.5081737510338682e-08,True,4.91390578375297e-17,1.03015241411872,0.0021343340779831606
random_tilted_cp_generator,5,5,-23.19757852021196,-4.436548206249575e-18,-1.3247765458362666,0.32166397733538427,2.7984593879866986,-0.19060318247364805,23.00697533773831,2.329757852021196e-08,True,3.580899603110048e-17,0.40656471967960767,0.0006599122785449047
random_tilted_cp_generator,5,6,-21.898324015070433,-5.4025129884860095e-17,-1.2356117268735027,0.3541763936744194,2.488480281290682,0.9054692391208743,22.803793254191305,2.1998324015070434e-08,True,2.5250628091572193e-17,0.5978759270229533,0.0007242638485054291
random_tilted_cp_generator,5,7,-23.908450352423582,1.544193327794874e-17,-1.2045628636371477,-0.09029541939169872,3.0308279262463658,-7.828722706019713,16.079727646403867,2.4008450352423586e-08,True,1.6300759467666736e-17,0.23315126951523168,0.00024034217754477947
random_tilted_cp_generator,5,8,-21.263029534785392,-1.6857358520009902e-16,-1.1119445978551186,0.28824765089915105,2.6329894776908414,0.20523002870742868,21.468259563492822,2.1363029534785395e-08,True,3.494578705657832e-17,0.3925439628847601,0.0005296776628896952
random_tilted_cp_generator,5,9,-26.018357334193006,1.1150792083629907e-16,-1.5124651238861275,-0.20083696202706705,2.55901460176059,-11.579064859971979,14.439292474221027,2.611835733419301e-08,True,1.9246090758097943e-17,0.31553104924893965,0.00037868375141517855
random_tilted_cp_generator,5,10,-25.000885853319335,-1.3712273183706812e-16,-1.4202664940436007,0.16315707272371882,3.2161538547776365,-3.838191015743627,21.162694837575707,2.510088585331934e-08,True,3.315455936459706e-17,0.23887762135181168,0.0007659254843734022
random_tilted_cp_generator,5,11,-22.01118198272151,-2.843774619961706e-17,-1.3695742714947414,0.5280979829575329,3.0302496058083084,3.7140883016769504,25.725270284398462,2.211118198272151e-08,True,4.0347935577729927e-17,0.6498267927574081,0.0009528827094440937
random_tilted_cp_generator,5,12,-21.111679149854417,1.090348289245279e-16,-1.271009491570005,0.10106917410259547,3.2341934189914783,-4.333663975798116,16.7780151740563,2.121167914985442e-08,True,2.455527262422279e-17,0.18770039382654471,0.00028346228631123075
random_tilted_cp_generator,5,13,-24.93458267836716,-1.3133702540368046e-17,-1.3468120123180094,-0.031835952268779534,3.067818539739739,-7.370779106965638,17.56380357140152,2.5034582678367162e-08,True,3.457899127131153e-17,0.3022805981023362,0.00041960556901788016
random_tilted_cp_generator,5,14,-23.098831303801976,-1.2721749390133012e-21,-1.1291558056248345,-0.15162790241865046,2.541629205232237,-8.678337076497181,14.420494227304795,2.319883130380198e-08,True,2.0270919108551153e-17,0.2162595753773738,0.0003639565632678254
random_tilted_cp_generator,5,15,-23.93932108418221,-1.787015226238997e-17,-1.6033992491136075,0.328892582128159,2.6460041368245104,-1.4391446030048582,22.500176481177352,2.4039321084182215e-08,True,2.6366994905861656e-17,0.4960594159772325,0.000730676782151169
random_tilted_cp_generator,5,16,-21.172218789805935,8.343634565336965e-20,-1.1880876784577312,0.18604474304026516,2.4563054864623504,-2.2195435314833527,18.952675258322582,2.127221878980594e-08,True,2.9916606062598366e-17,0.4090193485209033,0.00045309894777372114
random_tilted_cp_generator,5,17,-26.647659273179965,-1.0936096489639968e-18,-1.5760491781419266,0.38722857920103454,3.273307525676211,-0.13567430668894165,26.511984966491024,2.6747659273179967e-08,True,2.9239946807137586e-17,0.5345121096456624,0.0011083294195884097
random_tilted_cp_generator,5,18,-20.595853642318605,-8.567883741470451e-17,-1.2746107157358515,0.28681577795285806,2.327089154216435,-0.6367380196220971,19.95911562269651,2.0695853642318608e-08,True,4.408613660168809e-17,0.43725856303579236,0.00044220155091159263
random_tilted_cp_generator,5,19,-22.01054589674448,4.358607904583061e-17,-1.2685146004872543,-0.0780147422838761,2.273843364940531,-7.902867848113793,14.107678048630685,2.211054589674448e-08,True,3.092861909905101e-17,0.21693095076690316,0.0002540375218909149
random_tilted_cp_generator,5,20,-24.219865567738594,-1.087201759289984e-16,-1.607606551716291,0.21629675065217419,2.3880637871076424,-3.712097745537971,20.507767822200623,2.4319865567738595e-08,True,2.886056291346736e-17,0.4355597401502505,0.0005553447016596881
random_tilted_cp_generator,5,21,-23.18021229680577,4.261952441178666e-17,-1.4126057465386226,0.2327319801892985,2.823422210896074,-2.4083891289071424,20.771823167898628,2.3280212296805773e-08,True,3.0231510312118524e-17,0.4511311326322501,0.0006317057857346841
random_tilted_cp_generator,5,22,-24.76966028636357,5.755814580408903e-17,-1.5078576085170472,0.5662627539554201,3.1445072774670817,3.785967036523166,28.555627322886735,2.4869660286363573e-08,True,3.2636676243741214e-17,0.6911923255630602,0.001155212615749537
random_tilted_cp_generator,5,23,-23.67827924863265,-1.662107304387011e-16,-1.288589734417038,-0.21514180200035304,3.0087407230604817,-10.745784712092252,12.932494536540396,2.377827924863265e-08,True,2.0298016273372162e-17,0.28051698096717465,0.00025489784749430295
random_tilted_cp_generator,5,24,-22.91413804268877,1.1078983479541294e-16,-1.2840335899945914,0.13479710086838226,3.5277393167597344,-3.7242259326053113,19.18991211008346,2.301413804268877e-08,True,2.1870805161027907e-17,0.4240851275285796,0.00034389411177142813
random_tilted_cp_generator,5,25,-22.901704480330952,-1.1098536112531875e-16,-1.2551856278070874,0.03753425169825336,3.1280867279856923,-5.52524310507037,17.376461375260583,2.3001704480330955e-08,True,2.202707800339468e-17,0.2563059093441649,0.0004360393800991397
random_tilted_cp_generator,5,26,-25.057342770249708,1.1158683381361733e-16,-1.2979655037830642,0.13961111058863343,2.9986155896052162,-3.697605307142653,21.359737463107056,2.515734277024971e-08,True,2.871234663849898e-17,0.27151971824511634,0.0005281615694917534
random_tilted_cp_generator,5,27,-21.00684964427423,9.011545831154041e-19,-1.4274040521004945,0.6213434036552787,3.3873711407022133,5.289847812603101,26.296697456877332,2.110684964427423e-08,True,2.7626196898461924e-17,0.8083811461612009,0.001067091563779372
random_tilted_cp_generator,5,28,-23.264882058833624,5.75734675562437e-17,-1.217499813126484,-0.2218919144273481,2.534857588015129,-10.525337354179381,12.739544704654243,2.3364882058833628e-08,True,1.884073406433354e-17,0.2873386602922321,0.00017738213750319578
random_tilted_cp_generator,5,29,-27.358872501150277,4.252766888362251e-17,-1.5262911146486755,-0.21381663746725135,2.7769335838830553,-11.907788322588404,15.451084178561873,2.745887250115028e-08,True,3.3980299166120856e-17,0.34480816338663395,0.00027792810099661953
random_tilted_cp_generator,5,30,-24.57595364660353,-2.812868425492453e-17,-1.3800050575177618,0.16465355992976824,2.8041713502435153,-3.606954088993444,20.968999557610086,2.467595364660353e-08,True,2.815087710903535e-17,0.3388100148216692,0.0005944919429023988
random_tilted_cp_generator,5,31,-23.4799866253141,-1.4942656484246087e-17,-1.27311219738455,0.04392725466690173,3.1901696395407844,-5.487015893584715,17.992970731729386,2.3579986625314105e-08,True,2.7424008477533732e-17,0.08668023928990916,0.0005026001532167834
random_tilted_cp_generator,5,32,-23.34932689806342,1.6106372455052235e-17,-1.1360010432153698,0.10526578995925426,2.9448887553648437,-3.574689416891763,19.77463748117166,2.3449326898063422e-08,True,3.378516295736978e-17,0.17925215318263074,0.0005916508109782816
random_tilted_cp_generator,5,33,-23.54268374757681,-1.4013787795782461e-18,-1.3009315211219485,0.10515609493805966,2.535886600187555,-4.4015357068485494,19.14114804072826,2.364268374757681e-08,True,2.408050701079393e-17,0.19246500601080976,0.00047016329678106755
random_tilted_cp_generator,5,34,-27.63352107483907,-2.277270516558948e-16,-1.3143903734047984,-0.3246477947185078,2.7010077100869885,-13.064907761394148,14.568613313444922,2.773352107483907e-08,True,1.750875929587605e-17,0.36270921294777114,0.00032108749372476605
random_tilted_cp_generator,5,35,-22.748519535488608,-4.444372662495049e-16,-1.4199360406937045,0.4977717444309382,3.503489412436014,2.8557546851502424,25.60427422063885,2.284851953548861e-08,True,3.992621193841237e-17,0.6848850189203844,0.0011334114254376085
random_tilted_cp_generator,5,36,-22.65314761262477,-5.711127751808079e-17,-1.3147458538844528,0.4502687705755549,2.3533013996210457,2.431646142088834,25.084793754713605,2.2753147612624774e-08,True,3.7109175602143046e-17,0.5892619113256108,0.0009637562285664994
random_tilted_cp_generator,5,37,-29.31816967532869,1.0933255544836962e-16,-1.6782847560068652,-0.12005968951398598,3.096979072793086,-10.792617570314047,18.525552105014643,2.941816967532869e-08,True,2.2135879984328012e-17,0.18315442721537234,0.0005145020168528532
random_tilted_cp_generator,5,38,-20.944966817426703,-5.401177266912967e-17,-1.195184694681379,0.4399302965319279,2.8826868117666997,2.8226824572316644,23.767649274658368,2.1044966817426704e-08,True,3.7362597422022837e-17,0.5239540592161526,0.000724665718297306
random_tilted_cp_generator,5,39,-26.616974907012704,6.423060861788858e-17,-1.5960623260891165,0.32073951359093833,2.961935037292146,-1.5655213586268157,25.051453548385886,2.6716974907012705e-08,True,2.9827175868674967e-17,0.4059775041834936,0.0008983877177363902
random_tilted_cp_generator,6,0,-35.622423054822626,-8.881784197001252e-16,-1.295567348399082,0.2845183514406341,2.840101134935695,0.7621464528245312,36.38456950764716,3.572242305482263e-08,True,3.263720208595548e-17,0.4220640540351835,0.00043126381251198275
random_tilted_cp_generator,6,1,-35.64661640259857,-2.220446049250313e-16,-1.3410632977325025,0.36320625029557163,2.847404134765839,2.849807722472134,38.4964241250707,3.574661640259857e-08,True,3.204417734194281e-17,0.4144474031853635,0.0006416142011502248
random_tilted_cp_generator,6,2,-36.024880013173615,4.440892098500626e-16,-1.5167079520856144,0.4672870420253752,3.120584023460041,4.918363548247569,40.943243561421184,3.6124880013173615e-08,True,3.6462467084670364e-17,0.6177905147025797,0.0005746197124998314
random_tilted_cp_generator,6,3,-38.29934689760937,2.220446049250313e-16,-1.509069657660594,0.33624385201826107,3.24404403825373,1.032897614584268,39.33224451219364,3.8399346897609374e-08,True,3.862602620119715e-17,0.46832770399725965,0.0005659757218149474
random_tilted_cp_generator,6,4,-33.196080537236654,-6.661338147750939e-16,-1.32545069613598,0.07191083823654061,3.065369925299577,-5.795379029719662,27.40070150751699,3.329608053723666e-08,True,2.3828959471991283e-17,0.3274022343671948,0.0002438729591964837
random_tilted_cp_generator,6,5,-36.258797035371536,-2.220446049250313e-16,-1.3947097300651148,0.1588477344218945,3.1634950113643465,-3.6028263477338536,32.655970687637684,3.635879703537154e-08,True,2.5174395424172412e-17,0.4367411199451607,0.0004174850994696546
random_tilted_cp_generator,6,6,-33.89900260661099,-2.220446049250313e-16,-1.414886858597461,0.27727918988115274,2.716270081662474,-0.1709454551501839,33.72805715146081,3.3999002606610996e-08,True,3.057483057454081e-17,0.3728971115082025,0.0004932489871169855
random_tilted_cp_generator,6,7,-37.067061451696475,2.220446049250313e-16,-1.288529440407995,0.1523000468338203,3.1104385638437666,-3.1621752374333605,33.904886214263115,3.716706145169648e-08,True,4.134682751805848e-17,0.260645529148291,0.0004808131235284552
random_tilted_cp_generator,6,8,-33.54999663229497,2.220446049250313e-16,-1.1995508734173634,0.15862688100530944,3.240774206745215,-2.438498810344897,31.111497821950074,3.364999663229497e-08,True,2.7388081367178844e-17,0.2075129525382908,0.00048112500142765183
random_tilted_cp_generator,6,9,-35.27917068727902,0.0,-1.3105650290664306,0.1281222102044399,2.130222687056047,-4.019723868265387,31.259446819013633,3.537917068727902e-08,True,3.262051980607362e-17,0.296618487211062,0.0003543763682055575
random_tilted_cp_generator,6,10,-32.55280514837381,4.163336342344337e-17,-1.2198150849130738,-0.0933348411846583,2.8413006412172446,-10.118935745018192,22.433869403355615,3.265280514837381e-08,True,1.7945019694576977e-17,0.162379985943333,0.00019695424628908285
random_tilted_cp_generator,6,11,-34.7838289558609,0.0,-1.2433757750800607,0.23447236990537476,2.81079155951962,-0.4260835533191205,34.35774540254178,3.48838289558609e-08,True,3.9719891809589856e-17,0.32852428397905664,0.0004644775079924566
random_tilted_cp_generator,6,12,-34.0088907127751,2.7755575615628914e-17,-1.20713830791172,0.11870878267426087,3.4343850174697614,-3.681566367242494,30.327324345532606,3.4108890712775104e-08,True,2.5756704244517972e-17,0.3026442480580904,0.00032484082183982266
random_tilted_cp_generator,6,13,-31.8667489542835,5.551115123125783e-16,-1.1947957250972654,0.5506862200646536,2.9541053526890604,9.351812251356016,41.21856120563952,3.19667489542835e-08,True,3.369349426906152e-17,0.6338535864690034,0.0007597432973913466
random_tilted_cp_generator,6,14,-39.288298204524494,2.220446049250313e-16,-1.6721105756255241,0.540056298142259,2.6921967154850748,6.169025490514624,45.45732369503912,3.93882982045245e-08,True,3.7741210753026364e-17,0.6389784979305055,0.0008101839866497629
random_tilted_cp_generator,6,15,-35.01842684148078,0.0,-1.331891384376684,-0.16417246303029215,2.3795215134006344,-12.916522197168868,22.101904644311915,3.5118426841480786e-08,True,2.6664625241173333e-17,0.2502085745416557,0.0001522452124982448
random_tilted_cp_generator,6,16,-35.24880698938227,1.1102230246251565e-16,-1.1984439065135062,-0.010237489381673072,3.5091947777628123,-7.497788120531229,27.751018868851038,3.534880698938227e-08,True,2.5610520601022946e-17,0.1896106033064033,0.00032807522518137967
random_tilted_cp_generator,6,17,-33.968792881616174,3.3306690738754696e-16,-1.2988381836978458,0.20659658613249324,3.1625819233972035,-1.5951315182122778,32.3736613634039,3.4068792881616176e-08,True,2.5951723285854334e-17,0.29529458562106914,0.0004305529161201869
random_tilted_cp_generator,6,18,-32.0752670937086,2.220446049250313e-16,-1.3737465333905634,0.3399762562626344,3.1680603737868247,1.9568084875356515,34.03207558124425,3.21752670937086e-08,True,2.7970025267855955e-17,0.4759433311378957,0.0003837249836647613
random_tilted_cp_generator,6,19,-30.355195480855702,-1.1102230246251565e-16,-1.232720081159324,0.06483298681590693,2.8417969349681957,-5.451330882478736,24.903864598376966,3.0455195480855704e-08,True,1.9141359247166403e-17,0.15491331789239063,0.00018407637679305675
random_tilted_cp_generator,6,20,-35.283345119985896,0.0,-1.2700404396423879,0.2687192623479982,3.683756825127117,0.4413352325856188,35.72468035257151,3.53833451199859e-08,True,3.4457426729980166e-17,0.46501118068162506,0.0005222952085356317
random_tilted_cp_generator,6,21,-36.30698794626724,3.3306690738754696e-16,-1.190269121698188,-0.09925416894641993,3.0575873230627955,-10.119239798581726,26.187748147685518,3.6406987946267247e-08,True,2.2654325965645235e-17,0.1885452219160429,0.00029532441064736796
random_tilted_cp_generator,6,22,-33.46230441911156,5.551115123125783e-17,-1.1327333618181128,-0.006990991096529177,3.2460909757775136,-7.006129903804552,26.45617451530701,3.356230441911156e-08,True,2.885867462898173e-17,0.26516792349201534,0.00018865644063190254
random_tilted_cp_generator,6,23,-31.989186479670842,3.3306690738754696e-16,-1.0963850605144263,0.03456613802444133,2.4825036269647933,-5.541326222353319,26.447860257317522,3.2089186479670844e-08,True,2.632526253332317e-17,0.14943786994897115,0.000261531320230548
random_tilted_cp_generator,6,24,-34.36296696215924,-2.220446049250313e-16,-1.3173444894095154,0.11431944624289496,3.355576925495105,-4.474483549170244,29.888483412988997,3.446296696215924e-08,True,2.5187114250646717e-17,0.24527898826217692,0.0004588259467804291
random_tilted_cp_generator,6,25,-39.89026488277595,2.220446049250313e-16,-1.556174519021104,0.1661884375031735,2.880899752392245,-4.35139398903142,35.53887089374453,3.999026488277596e-08,True,2.482477925574769e-17,0.42283344377956245,0.0004353714545027386
random_tilted_cp_generator,6,26,-29.952697068176498,-2.220446049250313e-16,-1.2167618070927007,0.32738520767840434,2.9955878571725445,2.5209853877959256,32.47368245597242,3.00526970681765e-08,True,3.5333444940182035e-17,0.5018478893370153,0.00041912374232197665
random_tilted_cp_generator,6,27,-35.96094132375319,4.440892098500626e-16,-1.4384736729891578,0.10631975299854794,2.7325684705413065,-5.4412494479785085,30.519691875774683,3.606094132375319e-08,True,2.8504096639991393e-17,0.17510679790949618,0.00039810850981609954
random_tilted_cp_generator,6,28,-34.3541301724424,0.0,-1.3490356585067786,0.24356127210470832,2.7239639906211393,-0.7873757878994221,33.56675438454298,3.445413017244241e-08,True,2.7494343275339193e-17,0.3060040872104568,0.00034952152144495627
random_tilted_cp_generator,6,29,-32.44147528727821,5.551115123125783e-17,-1.1489853167531083,0.003852745941022859,2.622492440721275,-6.778329522287964,25.663145764990244,3.2541475287278215e-08,True,2.3707246709956574e-17,0.23197182364484886,0.00023736044578764596
random_tilted_cp_generator,6,30,-34.794656930010916,2.7755575615628914e-16,-1.1659155052090913,0.21992879062525758,2.8180237646423283,-0.39762931249681976,34.3970276175141,3.489465693001092e-08,True,3.032599159631131e-17,0.28366476302919097,0.0004877674921262073
random_tilted_cp_generator,6,31,-30.218339535460668,-2.220446049250313e-16,-0.9994346603964168,0.2640369015547428,3.1339503293920608,1.9244990842637826,32.14283861972445,3.031833953546067e-08,True,2.422822578667915e-17,0.33502605605901,0.00047486510018538434
random_tilted_cp_generator,6,32,-35.250637635832874,3.3306690738754696e-16,-1.3219925926413285,0.11916652837710658,2.7917168535601484,-4.356959704534773,30.8936779312981,3.5350637635832876e-08,True,3.010198944166995e-17,0.28305851792640574,0.0002823452722269111
random_tilted_cp_generator,6,33,-33.879420854943326,-2.220446049250313e-16,-1.5536770773722592,0.3804110731063342,3.437243772727653,2.0902697289564713,35.9696905838998,3.397942085494333e-08,True,3.02797749716606e-17,0.5944614835391574,0.0005275017089314955
random_tilted_cp_generator,6,34,-32.37381998089238,0.0,-1.257485182065232,-0.10333258124612131,3.334666367207287,-10.64488852977503,21.728931451117347,3.247381998089238e-08,True,1.9175178800651163e-17,0.17391620900682817,0.00019199460280846237
random_tilted_cp_generator,6,35,-31.075450817871623,2.220446049250313e-16,-1.124315658022769,0.3199017073849482,2.8016466285367456,2.8511572734118324,33.926608091283455,3.1175450817871625e-08,True,3.111271764396814e-17,0.40928696117129054,0.00039590916986259947
random_tilted_cp_generator,6,36,-35.590583234351485,4.440892098500626e-16,-1.3218561541157023,0.2644458449033348,3.004588216685957,0.00223842240582961,35.592821656757316,3.5690583234351485e-08,True,3.05896008683857e-17,0.34231830756967296,0.0005839051018362742
random_tilted_cp_generator,6,37,-31.556788489907582,-2.220446049250313e-16,-1.0620447574928678,0.0015692311859901898,2.924759580640778,-6.325191609377501,25.23159688053008,3.1656788489907586e-08,True,2.3963835089368368e-17,0.14126874480987223,0.00027556590182119945
random_tilted_cp_generator,6,38,-35.781805272075246,1.1102230246251565e-16,-1.5403015737859305,0.8103119198665608,2.5963449362102264,15.067548153281242,50.84935342535649,3.588180527207525e-08,True,3.762383383942941e-17,0.9028783118207021,0.0014114005052385846
random_tilted_cp_generator,6,39,-35.4513660272427,-2.220446049250313e-16,-1.451177679560821,0.45192574220637927,3.325116147401739,4.850706188826452,40.30207221606915,3.55513660272427e-08,True,3.615996586752097e-17,0.5708274147942706,0.0010101466075981033
