d,c,trace,trace_imaginary,minimum_real,maximum_real,spectral_radius,rhs,slack,tolerance,holds_within_tolerance,hp_residual,kraus_exponential_residual_at_0_37
2,-1.0,-6.0,0.0,-2.0,-1.0,2.0,-6.0,0.0,6.100000000000001e-09,True,0.0,1.942890293094024e-16
2,0.0,-2.0,0.0,-1.0,0.0,1.0,-2.0,0.0,2.1e-09,True,0.0,5.551115123125783e-17
2,0.3,-0.7999999999999999,0.0,-0.7,0.3,0.7,-0.7999999999999999,0.0,2.1e-09,True,0.0,4.002966042486721e-16
2,2.0,6.0,0.0,1.0,2.0,2.0,6.0,0.0,6.100000000000001e-09,True,0.0,7.021666937153402e-16
3,-1.0,-12.0,0.0,-2.0,-1.0,2.0,-12.0,0.0,1.21e-08,True,0.0,2.498001805406602e-16
3,0.0,-3.0,0.0,-1.0,0.0,1.0,-3.0,0.0,3.1000000000000005e-09,True,0.0,5.551115123125783e-17
3,0.3,-0.3000000000000001,0.0,-0.7,0.3,0.7,-0.2999999999999998,2.7755575615628914e-16,3.9999999999999994e-09,True,0.0,5.087681048627601e-16
3,2.0,15.0,0.0,1.0,2.0,2.0,15.0,0.0,1.5100000000000003e-08,True,0.0,9.42055475210265e-16
4,-1.0,-20.0,0.0,-2.0,-1.0,2.0,-20.0,0.0,2.01e-08,True,0.0,2.9504581591051765e-16
4,0.0,-4.0,0.0,-1.0,0.0,1.0,-4.0,0.0,4.1e-09,True,0.0,5.551115123125783e-17
4,0.3,0.8,0.0,-0.7,0.3,0.7,0.7999999999999998,-2.220446049250313e-16,6.5e-09,True,0.0,5.978733960281817e-16
4,2.0,28.0,0.0,1.0,2.0,2.0,28.0,0.0,2.8100000000000003e-08,True,0.0,1.1322097734007351e-15
5,-1.0,-30.0,0.0,-2.0,-1.0,2.0,-30.0,0.0,3.0100000000000005e-08,True,0.0,3.3422138886441676e-16
5,0.0,-5.0,0.0,-1.0,0.0,1.0,-5.0,0.0,5.1e-09,True,0.0,5.551115123125783e-17
5,0.3,2.5,0.0,-0.7,0.3,0.7,2.5,0.0,9.6e-09,True,0.0,6.753223014464259e-16
5,2.0,45.0,0.0,1.0,2.0,2.0,45.0,0.0,4.510000000000001e-08,True,0.0,1.2947314098277875e-15
6,-1.0,-42.0,0.0,-2.0,-1.0,2.0,-42.0,0.0,4.2100000000000006e-08,True,0.0,3.692639165456277e-16
6,0.0,-6.0,0.0,-1.0,0.0,1.0,-6.0,0.0,6.100000000000001e-09,True,0.0,5.551115123125783e-17
6,0.3,4.800000000000001,0.0,-0.7,0.3,0.7,4.800000000000001,0.0,1.33e-08,True,0.0,7.447602459741819e-16
6,2.0,66.0,0.0,1.0,2.0,2.0,66.0,0.0,6.61e-08,True,0.0,1.4390135079995448e-15
